Normalized* Data,,,,CORE (# X 10.98)  FB250 (# / 7.5)  SW1 (# / 300),,,,,,,,,,*Normalized to one liter of the volume sampled,,,,,,,,,,,,,,,,,,,,,,,,,,,,,,,,,,,,,,,,,,,,,
Date,Site,Sample Type,,Ostracod,Copepod,Hemiptera: Corixidae (boatman),Cladocera,Nematode,Diptera - TOTAL,Dipteran sp.,Diptera: Chironomid ,Diptera: Ceratopogonidae,Diptera: Culicidae,Diptera: Ephydridae,Diptera: Stratiomyidae,Amphipod,Hemiptera  TOTAL,Hemiptera-Notonectidae,Annelida TOTAL,Annelida Sp.,Annelida: Oligochaete,Annelida: Polychaete,Ephemeroptera Sp.,Odonate,Coleoptera - TOTAL,Coleoptera sp.,Coleoptera: Dytiscidae,Coleoptera: Dytiscidae: Liodessus affinis,Coleoptera: Dytiscidae: Agabus,Coleoptera: Dytiscidae: Colymbetinae,Coleoptera: Curculionidae  (Weavil),Coleoptera - Hydrophilidae,Coleoperta Hydraenidae,Coleoptera- Gyrindae- Gyrinini,Tipulidae Larva,Arachnida: Acari  (mite),Trichoptera Sp.,Collembola (Springtail),Gastropod - snail,Clam Shrimp,Total #,,Date,Time,Site,WQ Measurement Depth (cm),Sample Type,Dissolved Oxygen (mg/L),Dissolved Oxygen (%),Conductivity-specific (mS/cm),Salinity (ppt),Temperature (C),AtmosphPressure (mmHg),pH,No. Tadpoles,No. Fish,Sampled Width (m),Max Invertebrate Sampled Depth (m) ,Comments
2019 Data from 2018 Sites,,,,(#/Liter),(#/Liter),(#/Liter),(#/Liter),(#/Liter),(#/Liter),(#/Liter),(#/Liter),(#/Liter),(#/Liter),(#/Liter),(#/Liter),(#/Liter),(#/Liter),(#/Liter),(#/Liter),(#/Liter),(#/Liter),(#/Liter),(#/Liter),(#/Liter),(#/Liter),(#/Liter),(#/Liter),(#/Liter),(#/Liter),(#/Liter),(#/Liter),(#/Liter),(#/Liter),(#/Liter),(#/Liter),(#/Liter),(#/Liter),(#/Liter),(#/Liter),(#/Liter),(#/Liter),,,,,,,,,,,,,,,,,,
30-Jan-19,VNVP4,CORE,,11,0,0,99,0,77,0,77,0,0,0,0,0,0,0,0,0,0,0,0,0,0,0,0,0,0,0,0,0,0,0,0,0,0,0,0,0,186.7,,30-Jan-19,11:30,NVP4,10,YSI 2030,8.181,86.5,0.320,0.2,18.0,760,8.5,3,0,17,0.30,
7-Feb-19,VNVP2,CORE,,77,0,0,439,0,66,0,66,0,0,0,0,0,0,0,0,0,0,0,0,0,11,0,11,0,0,0,0,0,0,0,0,0,0,0,0,0,592.9,,7-Feb-19,11:50,NVP2,10,YSI 2030,10.3,101,0.390,0.2,15.3,768.7,7.6,1,-,32,0.50,
9-Apr-19,NPB,CORE,,165,"1,241",0,340,44,0,0,0,0,0,0,0,0,0,0,0,0,0,0,0,0,0,0,0,0,0,0,0,0,0,0,0,0,0,0,0,0,"1,789.7",,9-Apr-19,10:30,NPB,10,YSI 2030,10.65,130.7,23.130,14,21.4,762.6,7.7,0,0,-,-,
9-Apr-19,NWP,CORE,,"1,735",77,0,121,0,0,0,0,0,0,0,0,0,0,0,176,0,176,0,0,0,0,0,0,0,0,0,0,0,0,0,0,0,0,0,77,0,"2,185.0",,9-Apr-19,10:45,NWP,10,YSI 2030,9.2,102,1.810,0.9,20.4,762.5,6.5,0,0,3,0.61,
10-Apr-19,NEC,CORE,,110,253,0,0,0,0,0,0,0,0,0,0,0,0,0,99,0,99,0,0,0,0,0,0,0,0,0,0,0,0,0,0,0,0,0,0,0,461.2,,10-Apr-19,18:05,NEC,10,YSI 2030,10.4,134,43.030,27.8,22.3,763.3,7.8,-,-,-,-,
10-Apr-19,NMC,CORE,,33,110,11,0,0,0,0,0,0,0,0,0,0,11,0,714,0,703,11,0,0,0,0,0,0,0,0,0,0,0,0,0,0,0,0,0,0,867.4,,10-Apr-19,-,NMC,10,YSI 2030,11.6,154,42.350,26.7,21.3,763.3,7.8,-,-,-,-,
11-Apr-19,CUL1,CORE,,110,571,11,0,0,0,0,0,0,0,0,0,0,11,0,944,0,944,0,0,0,11,11,0,0,0,0,0,0,0,0,0,0,0,0,0,0,"1,647.0",,11-Apr-19,-,CUL1,10,YSI 2030,11.2,150,57.800,38.6,18.6,763.2,7.9,-,-,-,-,
11-Apr-19,MO1,CORE,,77,483,0,0,461,0,0,0,0,0,0,0,0,0,0,55,0,0,55,0,0,0,0,0,0,0,0,0,0,0,0,0,0,0,0,0,0,"1,076.0",,11-Apr-19,-,MO1,10,YSI 2030,9.5,115,44.010,28.5,16.2,763.6,7.8,-,-,-,-,
14-Apr-19,NVBR,CORE,,725,33,11,0,0,33,0,11,22,0,0,0,0,11,0,"1,208",0,"1,208",0,0,0,11,11,0,0,0,0,0,0,0,0,0,0,0,0,0,0,"2,020.3",,14-Apr-19,12:50,NVBR,10,YSI 2030,11.2,154,48.640,31.8,22.1,761,8.0,-,-,-,-,
14-Apr-19,VBR1,CORE,,0,99,0,0,0,11,0,0,11,0,0,0,0,0,0,802,0,802,0,0,0,0,0,0,0,0,0,0,0,0,0,0,0,0,0,0,0,911.3,,14-Apr-19,15:00,VBR1,10,YSI 2030,13.6,189,48.500,31.9,22.1,761.9,7.9,-,-,-,-,
18-Apr-19,DSP,CORE,,999,0,0,"4,249",22,22,0,22,0,0,0,0,0,0,0,55,0,55,0,0,0,0,0,0,0,0,0,0,0,0,0,0,0,0,55,0,0,"5,402.2",,18-Apr-19,10:30,DSP,10,YSI 2030,2.6,29,1.420,0.7,20.7,765.2,6.8,-,-,-,-,
18-Apr-19,NDC,CORE,,417,77,0,615,11,0,0,0,0,0,0,0,0,0,0,0,0,0,0,0,0,0,0,0,0,0,0,0,0,0,0,0,0,0,0,0,0,"1,120.0",,18-Apr-19,11:20,NDC,2,YSI 2030,11.4,132,3.064,1.6,22.1,764.6,8.3,0,0,2,5.00,Full of red water plants
1-May-19,VNVP2,CORE,,"1,669",0,0,0,22,0,0,0,0,0,0,0,0,0,0,0,0,0,0,0,0,0,0,0,0,0,0,0,0,0,0,0,0,0,0,0,0,"1,690.9",,1-May-19,14:45,NVP2,10,YSI 2030,8,103,0.001,0,28.3,759.5,7.8,0,0,18,0.20,
1-May-19,VNVP4,CORE,,395,22,0,33,11,22,0,22,0,0,0,0,0,0,0,0,0,0,0,0,0,0,0,0,0,0,0,0,0,0,0,0,0,0,0,0,0,483.1,,1-May-19,13:30,NVP4,5,YSI 2030,15.76,183,0.204,0.1,22.7,760.5,9.2,0,0,10,0.05,Maximum pool depth 10 cm
27-Jun-19,MO1,CORE,,132,670,0,0,0,88,0,77,0,0,11,0,44,0,0,11,11,0,0,0,0,0,0,0,0,0,0,0,0,0,0,0,0,0,0,0,0,944.3,,27-Jun-19,14:30,MO1,10,YSI 2030,15.1,214,39.600,25.3,25.8,761,8.6,0,0,2,0.15,
27-Jun-19,NDC,CORE,,143,55,0,11,242,11,0,11,0,0,0,0,0,0,0,0,0,0,0,0,0,0,0,0,0,0,0,0,0,0,0,0,0,0,0,44,0,505.1,,27-Jun-19,11:15,NDC,5,YSI 2030,3.8,42,5.610,3.1,20.6,763.1,6.5,0,0,1.5,0.07,Covered with red algae-photos
27-Jun-19,NWP,CORE,,44,0,0,165,0,0,0,0,0,0,0,0,0,0,0,0,0,0,0,0,0,0,0,0,0,0,0,0,0,0,0,0,0,0,0,0,0,208.6,,27-Jun-19,11:50,NWP,10,YSI 2030,13.1,161,2.390,1.2,24.5,762.8,8.8,0,0,2,0.15,
1-Jul-19,NPB,CORE,,0,0,22,0,11,0,0,0,0,0,0,0,0,22,0,0,0,0,0,0,0,0,0,0,0,0,0,0,0,0,0,0,0,0,0,0,0,32.9,,1-Jul-19,9:30,NPB,10,YSI 2030,7.8,101,13.690,7.9,26.2,759.2,7.5,0,1,2.5,0.20,
2-Jul-19,NVBR,CORE,,154,0,0,0,0,0,0,0,0,0,0,0,0,0,0,0,0,0,0,0,0,0,0,0,0,0,0,0,0,0,0,0,0,0,0,0,0,153.7,,2-Jul-19,16:00,NVBR,10,YSI 2030,13.2,195,32.200,20,29.7,758,8.9,0,0,3,0.40,
2-Jul-19,VBR1,CORE,,"1,153",0,0,0,0,0,0,0,0,0,0,0,0,0,0,11,11,0,0,0,0,0,0,0,0,0,0,0,0,0,0,0,0,0,0,0,0,"1,163.9",,2-Jul-19,17:00,VBR1,10,YSI 2030,12.8,193,33.600,21,29.3,757.2,8.9,0,0,2,0.40,
11-Jul-19,DSP,CORE,,11,0,11,22,0,0,0,0,0,0,0,0,0,11,0,0,0,0,0,0,0,0,0,0,0,0,0,0,0,0,0,0,0,0,0,0,0,43.9,,11-Jul-19,16:40,DSP,10,YSI 2030,7.6,98,5.130,2.7,27.6,760.2,7.3,0,0,1,0.60,
12-Jul-19,CUL1,CORE,,0,0,44,0,0,0,0,0,0,0,0,0,0,44,0,0,0,0,0,0,0,0,0,0,0,0,0,0,0,0,0,0,0,0,0,0,0,43.9,,12-Jul-19,7:45,CUL1,5,YSI 2030,0.6,5,30.410,15.9,20.9,759.8,8.0,0,0,0.5,0.10,
1-Aug-19,NEC,CORE,,22,33,0,0,0,44,0,22,0,0,22,0,0,0,0,33,33,0,0,0,0,0,0,0,0,0,0,0,0,0,0,0,0,0,0,0,0,131.8,,1-Aug-19,16:35,NEC,10,YSI 2030,12.7,208,48.540,31.6,31.6,759.5,8.8,0,0,1,0.50,
1-Aug-19,NMC,CORE,,373,0,0,0,0,11,0,11,0,0,0,0,0,0,0,0,0,0,0,0,0,0,0,0,0,0,0,0,0,0,0,0,0,0,0,0,0,384.3,,1-Aug-19,16:00,NMC,10,YSI 2030,6.4,107,42.320,26.6,34.1,759.3,8.5,0,0,0.5,1.00,
1-Aug-19,NPB,CORE,,77,0,0,0,0,264,0,0,0,0,264,0,0,0,0,77,0,77,0,0,0,11,0,11,0,0,0,0,0,0,0,33,0,0,0,0,0,461.2,,1-Aug-19,15:20,NPB,10,YSI 2030,13.2,196,22.330,13.3,32.6,759.5,7.6,0,0,1,0.40,
1-Aug-19,NWP,CORE,,0,0,0,0,0,11,0,11,0,0,0,0,0,0,0,0,0,0,0,0,110,0,0,0,0,0,0,0,0,0,0,0,0,0,0,11,0,131.8,,1-Aug-19,14:20,NWP,10,YSI 2030,12.9,179,10.170,5.7,31.0,760.2,8.6,0,0,1,0.60,
2-Aug-19,CUL1,CORE,,0,0,11,0,0,0,0,0,0,0,0,0,0,11,0,0,0,0,0,0,0,0,0,0,0,0,0,0,0,0,0,0,0,0,0,0,0,11.0,,2-Aug-19,12:10,CUL1,10,YSI 2030,6.4,107,80.200,56.8,27.2,759.3,8.0,0,0,1,0.50,
2-Aug-19,MO1,CORE,,0,121,0,0,0,0,0,0,0,0,0,0,0,0,0,132,0,0,132,0,0,0,0,0,0,0,0,0,0,0,0,0,0,0,0,0,0,252.5,,2-Aug-19,11:30,MO1,10,YSI 2030,8,118,58.200,39,25.0,760.1,8.2,0,0,1,0.40,
2-Aug-19,NVBR,CORE,,0,0,22,0,0,0,0,0,0,0,0,0,0,22,0,0,0,0,0,0,0,0,0,0,0,0,0,0,0,0,0,0,0,0,0,0,0,22.0,,2-Aug-19,8:15,NVBR,10,YSI 2030,5.9,84,50.300,33,24.9,761.5,8.3,0,0,1,0.50,
2-Aug-19,VBR1,CORE,,"3,393",66,11,0,0,0,0,0,0,0,0,0,0,11,0,0,0,0,0,0,0,0,0,0,0,0,0,0,0,0,0,0,0,0,0,0,0,"3,469.7",,2-Aug-19,9:05,VBR1,10,YSI 2030,5.3,77,50.700,33.2,24.6,761.2,8.5,0,0,0.8,0.50,
3-Aug-19,DSP,CORE,,0,22,0,11,0,55,0,55,0,0,0,0,0,0,0,0,0,0,0,0,0,0,0,0,0,0,0,0,0,0,0,0,0,0,0,0,0,87.8,,3-Aug-19,10:15,DSP,10,YSI 2030,3.7,45,6.960,3.8,24.5,759.5,7.0,-,-,0.5,0.50,
21-Oct-19,NPB,CORE,,33,0,0,0,0,33,0,33,0,0,0,0,0,0,0,0,0,0,0,0,0,0,0,0,0,0,0,0,0,0,0,0,0,0,0,0,0,65.9,,21-Oct-19,14:45,NPB,10,YSI 2030,21.6,252,5.670,3.1,22.0,759.6,7.6,0,0,1,0.40,
21-Oct-19,NVBR,CORE,,44,0,0,0,0,0,0,0,0,0,0,0,0,0,0,0,0,0,0,0,0,0,0,0,0,0,0,0,0,0,0,0,0,0,0,0,0,43.9,,21-Oct-19,15:50,NVBR,10,YSI 2030,11.5,196,79.400,55.4,26.7,759.6,7.9,0,0,1,0.50,
21-Oct-19,VBR1,CORE,,55,0,0,0,0,0,0,0,0,0,0,0,0,0,0,0,0,0,0,0,0,0,0,0,0,0,0,0,0,0,0,0,0,0,0,0,0,54.9,,21-Oct-19,16:35,VBR1,10,YSI 2030,11.5,193,79.800,55.8,25.7,759.7,7.9,0,0,1,0.50,
25-Oct-19,CUL1,CORE,,11,0,0,0,0,11,0,0,11,0,0,0,0,0,0,0,0,0,0,0,0,22,22,0,0,0,0,0,0,0,0,0,0,0,0,0,0,43.9,,25-Oct-19,16:35,CUL1,10,YSI 2030,9.3,98,138.000,OVER,21.8,759.9,7.3,0,0,0.5,0.20,
29-Oct-19,DSP,CORE,,55,0,0,0,0,44,0,44,0,0,0,0,0,0,0,0,0,0,0,0,0,0,0,0,0,0,0,0,0,0,0,0,0,0,0,0,0,98.8,,29-Oct-19,13:30,DSP,10,YSI 2030,4.5,52,16.520,9.7,20.8,757.7,7.3,0,0,1,0.40,
29-Oct-19,MO1,CORE,,110,0,0,0,11,0,0,0,0,0,0,0,0,0,0,11,11,0,0,0,0,0,0,0,0,0,0,0,0,0,0,0,0,0,0,0,0,131.8,,29-Oct-19,12:45,MO1,10,YSI 2030,11.3,176,89.600,63.4,18.5,759.4,8.2,0,0,1,0.50,
31-Oct-19,NEC,CORE,,11,0,11,0,0,0,0,0,0,0,0,0,0,11,0,0,0,0,0,0,0,0,0,0,0,0,0,0,0,0,0,0,0,0,0,0,0,22.0,,31-Oct-19,14:40,NEC,10,YSI 2030,14.5,178,37.930,24.1,20.1,764,7.6,0,0,1,0.50,
31-Oct-19,NMC,CORE,,"1,197",0,0,0,0,0,0,0,0,0,0,0,0,0,0,0,0,0,0,0,0,0,0,0,0,0,0,0,0,0,0,0,0,0,0,0,0,"1,196.8",,31-Oct-19,15:20,NMC,10,YSI 2030,9.6,163,78.000,56.6,19.5,763.8,7.8,0,0,1,0.80,
,,,,,,,,,,,,,,,,,,,,,,,,,,,,,,,,,,,,,,,,Total 2019 CORE Data from 2018 Sites,"30,140",,,,,,,,,,,,,,,,,,
,,,,,,,,,,,,,,,,,,,,,,,,,,,,,,,,,,,,,,,,,,,,,,,,,,,,,,,,,,,
,2019 Data from NON-2018 Sites,,,,,,,,,,,,,,,,,,,,,,,,,,,,,,,,,,,,,,,,,,,,,,,,,,,,,,,,,,
27-Jan-19,VWCB6,CORE,,22,0,0,0,"1,032",0,0,0,0,0,0,0,0,0,0,0,0,0,0,0,0,0,0,0,0,0,0,0,0,0,0,0,0,0,0,0,0,"1,054.1",,27-Jan-19,14:30,VWCB6,10,YSI 2030,9.74,109.4,0.168,0.1,21.2,762,8.3,13,0,14,0.33,
27-Jan-19,VDSN,CORE,,0,0,0,11,0,0,0,0,0,0,0,0,0,0,0,0,0,0,0,0,0,0,0,0,0,0,0,0,0,0,0,0,0,0,0,0,0,11.0,,27-Jan-19,15:50,VDSN,10,YSI 2030,15.76,182.8,0.204,0.1,22.7,762.8,7.9,20,0,12.1,0.15,
28-Jan-19,VP1,CORE,,0,0,0,0,0,0,0,0,0,0,0,0,0,0,0,0,0,0,0,0,0,0,0,0,0,0,0,0,0,0,0,0,0,0,11,0,0,11.0,,28-Jan-19,15:15,CVP1,10,YSI 2030,13.9,150,0.095,0,18.8,760.8,9.0,74,0,13,0.33,
8-Feb-19,VNVP10,CORE,,11,11,0,33,11,55,0,55,0,0,0,0,0,0,0,0,0,0,0,0,0,0,0,0,0,0,0,0,0,0,0,0,0,0,0,0,0,120.8,,8-Feb-19,14:10,NVP10,10,YSI 2030,8.79,95.8,0.076,0,19.5,762.6,7.5,18,0,13,0.28,
11-Feb-19,VCC7,CORE,,0,0,0,44,22,0,0,0,0,0,0,0,0,0,0,22,0,22,0,0,0,0,0,0,0,0,0,0,0,0,0,0,0,0,0,0,0,87.8,,11-Feb-19,15:35,VM7 ,10,YSI 2030 ,15.87,168.3,0.158,0.1,18.2,764.7,8.8,7,-,8,0.27,
11-Feb-19,VM7,CORE,,44,0,0,176,0,0,0,0,0,0,0,0,0,0,0,0,0,0,0,0,0,0,0,0,0,0,0,0,0,0,0,0,0,0,33,0,0,252.5,,11-Feb-19,15:35,VM7 ,10,YSI 2030 ,15.87,168.3,0.158,0.1,18.2,764.7,8.8,7,-,8,0.27,
11-Feb-19,VOW1,CORE,,0,0,0,11,0,0,0,0,0,0,0,0,0,0,0,0,0,0,0,0,0,0,0,0,0,0,0,0,0,0,0,0,0,0,0,0,0,11.0,,11-Feb19,10:50,VOW1,10,YSI 2030,5.74,50.1,0.030,0,9.3,766,6.9,7,0,30,0.42,
7-Mar-19,VMMesa,CORE,,0,0,0,0,44,0,0,0,0,0,0,0,0,0,0,0,0,0,0,0,0,0,0,0,0,0,0,0,0,0,0,0,0,0,0,0,0,43.9,,7-Mar-19,8:33,VMM,10,YSI 2030,2.54,22.8,0.154,0.1,12.1,,,4,0, ,0.30,No barametric pressure or Ph data recorded
8-Apr-19,VP1,CORE,,955,0,0,110,0,0,0,0,0,0,0,0,0,0,0,0,0,0,0,0,0,0,0,0,0,0,0,0,0,0,0,0,0,0,0,0,0,"1,065.1",,8-Apr-19,11:00,VP1,10,YSI 2030,8.97,108,0.162,0.1,24.5,762.7,6.3,1,0,2,0.43,
10-Apr-19,VCC7,CORE-a+b,,0,0,0,165,0,11,0,11,0,0,0,0,0,0,0,0,0,0,0,0,0,0,0,0,0,0,0,0,0,0,0,0,0,0,0,0,0,175.7,,10-Apr-19,11:00,VCC7,5,YSI 2030,8.4,113,0.000,0,32.8,761.6,6.8,0,0,0.05,0.05,
10-Apr-19,VDSN,CORE-a+b,,"1,680",99,0,"2,152",362,285,11,275,0,0,0,0,0,0,0,0,0,0,0,0,0,0,0,0,0,0,0,0,0,0,0,0,0,0,0,0,0,"4,578.7",,10-Apr-19,13:25,VDSN,10,YSI 2030 ,3.9,45,0.076,0,23.5,761.5,6.1,0,0,2,0.19,
1-May-19,VNVP10,CORE,,"1,208",0,0,0,0,99,0,99,0,0,0,0,0,0,0,11,0,0,11,0,0,0,0,0,0,0,0,0,0,0,0,0,0,0,11,0,0,"1,328.6",,1-May-19,16:00,NVP10,10,YSI 2030,9.5,127,0.720,0.3,30.5,757.4,7.8,1,0,6.5,"0,25",
2-May-19,VM3,CORE,,"2,855",22,0,11,0,0,0,0,0,0,0,0,0,0,0,0,0,0,0,0,0,0,0,0,0,0,0,0,0,0,0,0,0,0,0,0,0,"2,887.7",,2-May-19,15:00,VM3,10,YSI 2030,8.5,109,0.329,0.2,28.1,759.9,7.5,1,0,8,0.10,
25-Oct-19,PIER,CORE,,55,0,0,0,22,0,0,0,0,0,0,0,0,0,0,0,0,0,0,0,0,0,0,0,0,0,0,0,0,0,0,0,0,0,0,0,0,76.9,,25-Oct-19,15:45,PIER,10,YSI 2030,14.2,236,88.500,62.9,22.8,760.5,8.2,0,0,1,0.30,
25-Nov-19,NPB2,CORE,,"9,113",198,0,0,0,44,0,44,0,0,0,0,11,0,0,0,0,0,0,0,0,0,0,0,0,0,0,0,0,0,0,0,0,0,0,0,0,"9,365.9",,25-Nov-19,9:00,NPB2,10,YSI 2030,14,131,3.180,1.7,12.1,760.5,7.5,0,0,1.4,0.15,
25-Nov-19,NPB1,CORE,,0,0,0,0,11,0,0,0,0,0,0,0,33,0,0,0,0,0,0,0,0,0,0,0,0,0,0,0,0,0,0,0,0,0,0,0,0,43.9,,25-Nov-19,10:20,NBP1,10,YSI 2030,6.7,55,4.750,2.6,9.9,759.8,7.2,0,0,3,0.45,Core Sample-PEAT (not clay); 1 golf ball
,,,,,,,,,,,,,,,,,,,,,,,,,,,,,,,,,,,,,,,,Total 2019 CORE Data from NON-2018 Sites,"21,115",,,,,,,,,,,,,,,,,,
,,,,,,,,,,,,,,,,,,,,,,,,,,,,,,,,,,,,,,,,,,,,,,,,,,,,,,,,,,,
,,,,,,,,,,,,,,,,,,,,,,,,,,,,,,,,,,,,,,,,,,,,,,,,,,,,,,,,,,,
,2019 FB250 Data from 2018 Sites,,,,,,,,,,,,,,,,,,,,,,,,,,,,,,,,,,,,,,,,,,,,,,,,,,,,,,,,,,
24-Jan-19,MO1,FB250,,0.3,0.3,0.0,0.1,0.0,0.0,0.0,0.0,0.0,0.0,0.0,0.0,0.0,0.0,0.0,0.0,0.0,0.0,0.0,0.0,0.0,0.0,0.0,0.0,0.0,0.0,0.0,0.0,0.0,0.0,0.0,0.0,0.0,0.0,0.0,0.0,0.0,0.7,,24-Jan-19,12:15,MO1,10,YSI 2030,8.6,96.6,19.320,23.2,16.3,764.7,8.2,,,,,
28-Jan-19,CUL1,FB250,,11.5,18.8,9.1,0.0,0.0,0.9,0.0,0.0,0.8,0.0,0.0,0.1,0.0,9.1,0.0,0.0,0.0,0.0,0.0,0.0,0.0,0.0,0.0,0.0,0.0,0.0,0.0,0.0,0.0,0.0,0.0,0.0,0.5,0.0,0.3,0.0,0.0,41.1,,28-Jan-19,13:10,CUL 1,10,YSI 2030,0.1,1,22.600,14,13.0,761.9,7.4,0,0,1,0.30,
30-Jan-19,VNVP4,FB250,,0.3,0.9,0.0,18.1,0.0,0.9,0.0,0.0,0.9,0.0,0.0,0.0,0.0,0.0,0.0,0.0,0.0,0.0,0.0,0.0,0.0,0.0,0.0,0.0,0.0,0.0,0.0,0.0,0.0,0.0,0.0,0.0,0.0,0.0,0.0,0.0,0.0,20.3,,30-Jan-19,11:30,NVP4,10,YSI 2030,8.181,86.5,0.320,0.2,18.0,760,8.5,3,0,17,0.30,
6-Feb-19,DSP,FB250,,43.2,2.0,0.0,0.0,0.0,1.3,0.0,0.9,0.0,0.4,0.0,0.0,0.0,0.0,0.0,0.0,0.0,0.0,0.0,0.0,0.0,0.0,0.0,0.0,0.0,0.0,0.0,0.0,0.0,0.0,0.0,0.0,0.0,0.0,0.4,0.0,0.0,46.9,,6-Feb-19,11:30,DSP,10,YSI 2030,7.46,69.1,0.000,0,12.0,766,7.2,0,0,2,1.00,
6-Feb-19,NEC,FB250,,4.0,4.5,0.3,3.5,0.0,0.0,0.0,0.0,0.0,0.0,0.0,0.0,0.0,0.3,0.0,0.0,0.0,0.0,0.0,0.0,0.0,0.0,0.0,0.0,0.0,0.0,0.0,0.0,0.0,0.0,0.0,0.0,0.0,0.0,1.2,0.0,0.0,13.5,,6-Feb-19,13:35,NEC,10,YSI 2030,12.08,118.7,1.510,0.8,14.2,765.4,7.5,-,-,-,-,
6-Feb-19,NMC,FB250,,1.3,38.7,0.5,0.7,0.0,0.0,0.0,0.0,0.0,0.0,0.0,0.0,0.0,0.5,0.0,0.0,0.0,0.0,0.0,0.0,0.0,0.0,0.0,0.0,0.0,0.0,0.0,0.0,0.0,0.0,0.0,0.0,0.0,0.0,0.0,0.0,0.0,41.2,,6-Feb-19,14:00,NMC,10,YSI 2030,11.67,112.6,0.000,0,13.3,765.3,7.3,-,-,-,-,
6-Feb-19,NVBR,FB250,,0.3,0.0,0.0,0.8,0.0,0.0,0.0,0.0,0.0,0.0,0.0,0.0,0.1,0.0,0.0,0.0,0.0,0.0,0.0,0.0,0.0,0.0,0.0,0.0,0.0,0.0,0.0,0.0,0.0,0.0,0.0,0.0,0.0,0.0,0.0,0.0,0.0,1.2,,6-Feb-19,13:10,NVBR,10,YSI 2030,13.05,130.4,0.000,0,14.4,765.8,7.6,-,-,-,-,
6-Feb-19,VBR1,FB250,,0.3,0.5,0.0,0.0,0.0,0.0,0.0,0.0,0.0,0.0,0.0,0.0,0.0,0.0,0.0,0.0,0.0,0.0,0.0,0.0,0.0,0.0,0.0,0.0,0.0,0.0,0.0,0.0,0.0,0.0,0.0,0.0,0.0,0.0,0.0,0.0,0.0,0.8,,6-Feb-19,13:00,VBR1,10,YSI 2030,11.24,105,0.098,0,12.5,765.2,7.3,-,-,-,-,
7-Feb-19,VNVP2,FB250,,30.5,1.7,0.0,377.9,0.1,2.9,0.0,2.9,0.0,0.0,0.0,0.0,0.0,0.0,0.0,0.0,0.0,0.0,0.0,0.0,0.0,0.0,0.0,0.0,0.0,0.0,0.0,0.0,0.0,0.0,0.0,0.0,0.0,0.0,0.1,0.0,0.0,413.3,,7-Feb-19,11:50,NVP2,10,YSI 2030,10.3,101,0.390,0.2,15.3,768.7,7.6,1,-,32,0.50,
18-Feb-19,NDC,FB250,,7.9,3.3,0.0,32.1,0.0,0.1,0.0,0.0,0.1,0.0,0.0,0.0,0.0,0.0,0.0,0.0,0.0,0.0,0.0,0.0,0.0,0.0,0.0,0.0,0.0,0.0,0.0,0.0,0.0,0.0,0.0,0.0,0.0,0.0,0.4,0.0,0.0,43.9,,18-Feb-19,11:10,NDC,10,YSI 2030,2.71,23.8,0.608,0.3,10.1,764.5,7.7,1,0,3,0.20,
18-Feb-19,NPB,FB250,,0.1,0.0,0.0,0.1,0.0,0.0,0.0,0.0,0.0,0.0,0.0,0.0,0.0,0.0,0.0,0.0,0.0,0.0,0.0,0.0,0.0,0.1,0.0,0.0,0.0,0.0,0.0,0.0,0.1,0.0,0.0,0.0,0.0,0.0,0.0,0.0,0.0,0.4,,18-Feb-19,10:35,NPB,10,YSI 2030,11.27,103.6,2.980,1.6,11.3,765,7.2,0,0,2,0.25,
11-Mar-19,CUL1,FB250,,37.5,1.5,0.0,47.2,0.0,0.0,0.0,0.0,0.0,0.0,0.0,0.0,0.0,0.0,0.0,0.0,0.0,0.0,0.0,0.0,0.0,0.0,0.0,0.0,0.0,0.0,0.0,0.0,0.0,0.0,0.0,0.0,0.0,0.0,0.0,0.0,0.0,86.1,,11-Mar-19,15:25,CUL1,10,YSI 2030,6.71,72.6,8.930,5,17.7,759.5,6.9,0,0,1,0.10,
11-Mar-19,MO1,FB250,,0.5,391.1,1.5,0.8,0.0,0.0,0.0,0.0,0.0,0.0,0.0,0.0,0.0,1.5,0.0,8.4,0.0,7.9,0.5,0.0,0.0,0.0,0.0,0.0,0.0,0.0,0.0,0.0,0.0,0.0,0.0,0.0,0.0,0.0,0.0,0.0,0.0,402.3,,11-Mar-19,14:10,MO1,10,YSI 2030,13.57,128.3,0.000,0,20.4,759.2,7.5,0,0,7,0.10,
11-Mar-19,NVBR,FB250,,2.1,0.4,6.8,3.7,0.0,0.0,0.0,0.0,0.0,0.0,0.0,0.0,0.0,6.8,0.0,0.0,0.0,0.0,0.0,0.0,0.0,0.0,0.0,0.0,0.0,0.0,0.0,0.0,0.0,0.0,0.0,0.0,0.0,0.0,0.0,0.0,0.0,13.1,,11-Mar-19,16:00,NVBR1,10,YSI 2030,14.33,154.2,2.870,1.5,18.4,760.1,7.9,0,0,3,0.10,
11-Mar-19,VBR1,FB250,,0.4,0.3,1.1,3.1,0.3,0.0,0.0,0.0,0.0,0.0,0.0,0.0,0.0,1.1,0.0,0.1,0.0,0.0,0.1,0.0,0.0,0.0,0.0,0.0,0.0,0.0,0.0,0.0,0.0,0.0,0.0,0.0,0.0,0.0,0.0,0.0,0.0,5.2,,11-Mar-19,15:50,VBR1,10,YSI 2030,13.62,146.5,2.566,1.3,18.5,760.2,7.8,0,0,3,0.10,
13-Mar-19,DSP,FB250,,338.5,33.7,0.1,223.1,0.0,0.0,0.0,0.0,0.0,0.0,0.0,0.0,0.0,0.1,0.0,0.0,0.0,0.0,0.0,0.0,0.0,0.5,0.0,0.5,0.0,0.0,0.0,0.0,0.0,0.0,0.0,0.0,0.5,0.0,0.5,0.0,0.0,597.1,,13-Mar-19,11:30,DSP,10,YSI 2030,4.3,44.1,0.813,0.4,16.7,754,6.7,-,-,2,0.30,
13-Mar-19,NMC,FB250,,1.7,2.0,0.0,10.7,0.0,0.0,0.0,0.0,0.0,0.0,0.0,0.0,0.0,0.0,0.0,0.0,0.0,0.0,0.0,0.0,0.0,0.0,0.0,0.0,0.0,0.0,0.0,0.0,0.0,0.0,0.0,0.0,0.0,0.0,0.0,0.0,0.0,14.4,,13-Mar-19,13:15,NMC,10,YSI 2030,12.1,124.2,1.970,1,16.2,763.6,7.5,-,-,-,-,
13-Mar-19,NPB,FB250,,1.2,0.0,0.0,2.7,0.0,0.3,0.0,0.3,0.0,0.0,0.0,0.0,0.0,0.0,0.0,0.0,0.0,0.0,0.0,0.0,0.0,0.0,0.0,0.0,0.0,0.0,0.0,0.0,0.0,0.0,0.0,0.0,0.0,0.0,0.0,0.0,0.0,4.1,,13-Mar-19,13:35,NPB,10,YSI 2030,15.63,164.8,1.810,1.3,17.8,763.3,7.5,-,-,-,-,
13-Mar-19,NWP,FB250,,226.7,0.4,0.0,112.0,0.0,0.0,0.0,0.0,0.0,0.0,0.0,0.0,0.0,0.0,0.0,0.0,0.0,0.0,0.0,0.0,0.0,0.0,0.0,0.0,0.0,0.0,0.0,0.0,0.0,0.0,0.0,0.0,0.1,0.0,0.0,0.4,0.0,339.6,,13-Mar-19,13:50,NWP,10,YSI 2030,5.81,61.9,0.019,0,16.9,762.4,6.6,-,-,-,-,
15-Mar-19,NEC,FB250,,24.0,0.1,30.3,250.5,0.0,1.6,0.0,1.1,0.5,0.0,0.0,0.0,0.0,30.3,0.0,0.0,0.0,0.0,0.0,0.0,0.0,0.0,0.0,0.0,0.0,0.0,0.0,0.0,0.0,0.0,0.0,0.0,0.0,0.0,0.0,0.0,0.0,306.5,,15-Mar-19,15:10,NEC,10,YSI 2030,10.78,123.3,3.211,1.7,21.0,763.8,7.8,0,0,-,-,
9-Apr-19,NPB,FB250,,1.6,53.3,0.8,0.0,0.0,0.0,0.0,0.0,0.0,0.0,0.0,0.0,0.0,0.8,0.0,0.0,0.0,0.0,0.0,0.0,0.0,0.0,0.0,0.0,0.0,0.0,0.0,0.0,0.0,0.0,0.0,0.0,0.0,0.0,0.0,0.0,0.0,55.7,,9-Apr-19,10:30,NPB,10,YSI 2030,10.65,130.7,23.130,14,21.4,762.6,7.7,0,0,-,-,
9-Apr-19,NWP,FB250,,402.4,134.4,0.3,850.3,0.0,0.0,0.0,0.0,0.0,0.0,0.0,0.0,0.3,0.3,0.0,0.0,0.0,0.0,0.0,0.0,0.0,1.3,0.0,1.3,0.0,0.0,0.0,0.0,0.0,0.0,0.0,0.0,0.0,0.0,3.6,3.7,0.0,"1,396.3",,9-Apr-19,10:45,NWP,10,YSI 2030,9.2,102,1.810,0.9,20.4,762.5,6.5,0,0,3,0.61,
10-Apr-19,NEC,FB250,,0.9,22.7,0.7,0.0,0.3,0.0,0.0,0.0,0.0,0.0,0.0,0.0,0.0,0.7,0.0,0.0,0.0,0.0,0.0,0.0,0.0,0.0,0.0,0.0,0.0,0.0,0.0,0.0,0.0,0.0,0.0,0.0,0.0,0.0,0.0,0.0,0.0,24.5,,10-Apr-19,18:05,NEC,10,YSI 2030,10.4,134,43.030,27.8,22.3,763.3,7.8,-,-,-,-,
10-Apr-19,NMC,FB250 ,,0.4,2.0,0.8,0.0,0.0,0.0,0.0,0.0,0.0,0.0,0.0,0.0,0.0,0.8,0.0,0.0,0.0,0.0,0.0,0.0,0.0,0.0,0.0,0.0,0.0,0.0,0.0,0.0,0.0,0.0,0.0,0.0,0.0,0.0,0.0,0.0,0.0,3.2,,10-Apr-19,-,NMC,10,YSI 2030,11.6,154,42.350,26.7,21.3,763.3,7.8,-,-,-,-,
11-Apr-19,CUL1,FB250,,0.4,21.5,8.9,0.0,0.4,0.1,0.0,0.1,0.0,0.0,0.0,0.0,0.0,8.9,0.0,0.0,0.0,0.0,0.0,0.0,0.0,0.0,0.0,0.0,0.0,0.0,0.0,0.0,0.0,0.0,0.0,0.0,0.0,0.0,0.0,0.0,0.0,31.3,,11-Apr-19,-,CUL1,10,YSI 2030,11.2,150,57.800,38.6,18.6,763.2,7.9,-,-,-,-,
11-Apr-19,MO1,FB250,,0.0,11.3,0.4,0.0,0.0,0.0,0.0,0.0,0.0,0.0,0.0,0.0,0.0,0.4,0.0,0.0,0.0,0.0,0.0,0.0,0.0,0.0,0.0,0.0,0.0,0.0,0.0,0.0,0.0,0.0,0.0,0.0,0.0,0.0,0.0,0.0,0.0,11.7,,11-Apr-19,-,MO1,10,YSI 2030,9.5,115,44.010,28.5,16.2,763.6,7.8,-,-,-,-,
14-Apr-19,NVBR,FB250,,5.5,6.3,1.3,0.0,0.0,0.0,0.0,0.0,0.0,0.0,0.0,0.0,0.1,1.3,0.0,0.0,0.0,0.0,0.0,0.0,0.0,0.0,0.0,0.0,0.0,0.0,0.0,0.0,0.0,0.0,0.0,0.0,0.0,0.0,0.1,0.0,0.0,13.3,,14-Apr-19,12:50,NVBR,10,YSI 2030,11.2,154,48.640,31.8,22.1,761,8.0,-,-,-,-,
14-Apr-19,VBR1,FB250,,0.9,4.3,1.9,0.0,0.0,0.0,0.0,0.0,0.0,0.0,0.0,0.0,0.0,1.9,0.0,0.0,0.0,0.0,0.0,0.0,0.0,0.0,0.0,0.0,0.0,0.0,0.0,0.0,0.0,0.0,0.0,0.0,0.1,0.0,0.3,0.0,0.0,7.5,,14-Apr-19,15:00,VBR1,10,YSI 2030,13.6,189,48.500,31.9,22.1,761.9,7.9,-,-,-,-,
18-Apr-19,NDC,FB250,,13.7,8.9,0.1,43.6,0.0,0.0,0.0,0.0,0.0,0.0,0.0,0.0,0.0,0.1,0.0,0.0,0.0,0.0,0.0,0.0,0.0,0.0,0.0,0.0,0.0,0.0,0.0,0.0,0.0,0.0,0.0,0.0,0.0,0.0,0.0,0.1,0.0,66.5,,18-Apr-19,11:20,NDC,2,YSI 2030,11.4,132,3.064,1.6,22.1,764.6,8.3,0,0,2,5.00,Full of red water plants
1-May-19,VNVP2,FB250,,0.5,2.4,0.1,36.3,0.0,0.0,0.0,0.0,0.0,0.0,0.0,0.0,0.0,0.1,0.0,0.0,0.0,0.0,0.0,0.0,0.0,0.0,0.0,0.0,0.0,0.0,0.0,0.0,0.0,0.0,0.0,0.0,0.0,0.0,0.0,0.0,0.0,39.3,,1-May-19,14:45,NVP2,10,YSI 2030,8,103,0.001,0,28.3,759.5,7.8,0,0,18,0.20,
1-May-19,VNVP4,FB250,,0.0,217.6,0.0,2.5,0.0,0.0,0.0,0.0,0.0,0.0,0.0,0.0,0.0,0.0,0.0,0.0,0.0,0.0,0.0,0.0,0.0,0.0,0.0,0.0,0.0,0.0,0.0,0.0,0.0,0.0,0.0,0.0,0.0,0.0,0.0,0.0,0.0,220.1,,1-May-19,13:30,NVP4,5,YSI 2030,15.76,183,0.204,0.1,22.7,760.5,9.2,0,0,10,0.05,Maximum pool depth 10 cm
23-May-19,CUL1,FB250,,0.0,1.9,16.9,0.0,0.0,0.7,0.0,0.1,0.5,0.0,0.0,0.0,0.0,16.9,0.0,0.0,0.0,0.0,0.0,0.0,0.0,0.1,0.1,0.0,0.0,0.0,0.0,0.0,0.0,0.0,0.0,0.0,0.0,0.0,0.3,0.0,0.0,19.9,,23-May-19,11:00,CUL1,10,YSI 2030,9.5,98,0.048,0,17.2,761,6.8,-,-,-,-,
23-May-19,MO1,FB250,,0.0,0.1,1.1,0.7,0.0,0.0,0.0,0.0,0.0,0.0,0.0,0.0,0.0,1.1,0.0,0.0,0.0,0.0,0.0,0.0,0.0,0.0,0.0,0.0,0.0,0.0,0.0,0.0,0.0,0.0,0.0,0.0,0.0,0.0,0.1,0.0,0.0,2.0,,23-May-19,10:15,MO1,10,YSI 2030,8.8,89,0.000,0,16.5,760.8,8.1,0,0,-,-,
23-May-19,NEC,FB250,,0.0,0.0,2.1,0.1,0.0,0.0,0.0,0.0,0.0,0.0,0.0,0.0,0.0,2.1,0.0,0.0,0.0,0.0,0.0,0.0,0.0,0.0,0.0,0.0,0.0,0.0,0.0,0.0,0.0,0.0,0.0,0.0,0.0,0.0,0.0,0.0,0.0,2.3,,23-May-19,17:05,NEC,10,YSI 2030,13.8,157,3.922,2.1,21.6,761.8,8.8,-,-,-,-,
23-May-19,NMC,FB250,,0.0,0.1,0.5,0.0,0.0,0.0,0.0,0.0,0.0,0.0,0.0,0.0,0.0,0.5,0.0,0.0,0.0,0.0,0.0,0.0,0.0,0.0,0.0,0.0,0.0,0.0,0.0,0.0,0.0,0.0,0.0,0.0,0.0,0.0,0.0,0.0,0.0,0.7,,23-May-19,17:20,NMC,10,YSI 2030,10.3,120,5.530,3,21.1,761.7,8.6,-,-,-,-,
23-May-19,NVBR,FB250,,0.0,0.0,0.0,0.0,0.1,0.0,0.0,0.0,0.0,0.0,0.0,0.0,0.0,0.0,0.0,0.0,0.0,0.0,0.0,0.0,0.0,0.0,0.0,0.0,0.0,0.0,0.0,0.0,0.0,0.0,0.0,0.0,0.0,0.0,0.0,0.0,0.0,0.1,,23-May-19,16:45,NVBR,10,YSI 2030,9.1,108,10.320,6,21.5,761.4,8.3,-,-,-,-,
23-May-19,VBR1,FB250,,0.0,0.0,0.0,0.0,0.0,0.0,0.0,0.0,0.0,0.0,0.0,0.0,0.0,0.0,0.0,0.0,0.0,0.0,0.0,0.0,0.0,0.0,0.0,0.0,0.0,0.0,0.0,0.0,0.0,0.0,0.0,0.0,0.0,0.0,0.0,0.0,0.0,0.0,,23-May-19,16:30,VBR1,10,YSI 2030,8.6,101,7.000,3.9,21.7,761.4,8.2,-,-,-,-,
24-May-19,NDC,FB250,,1.7,10.4,0.0,1.2,0.0,0.4,0.0,0.4,0.0,0.0,0.0,0.0,0.0,0.0,0.0,0.0,0.0,0.0,0.0,0.0,0.0,0.0,0.0,0.0,0.0,0.0,0.0,0.0,0.0,0.0,0.0,0.0,0.0,0.0,0.0,0.0,0.0,13.7,,24-May-19,10:30,NDC,10,YSI 2030,11.8,131,1.733,0.9,20.4,762.1,8.8,-,-,-,-,
24-May-19,NPB,FB250,,2.3,0.4,5.9,0.3,0.0,0.5,0.0,0.5,0.0,0.0,0.0,0.0,0.0,5.9,0.0,0.0,0.0,0.0,0.0,0.0,0.0,0.0,0.0,0.0,0.0,0.0,0.0,0.0,0.0,0.0,0.0,0.0,0.0,0.0,0.0,0.0,0.0,9.3,,24-May-19,11:10,NPB,10,YSI 2030,8.2,91,6.060,3.3,19.3,761.8,7.3,-,-,-,-,
24-May-19,NWP,FB250,,8.1,18.9,0.1,39.7,0.1,0.7,0.0,0.7,0.0,0.0,0.0,0.0,0.0,0.1,0.0,0.0,0.0,0.0,0.0,0.0,0.0,0.0,0.0,0.0,0.0,0.0,0.0,0.0,0.0,0.0,0.0,0.0,0.0,0.0,0.3,0.5,0.0,68.5,,24-May-19,10:50,NWP,10,YSI 2030,5.5,56,1.148,0.6,16.8,762.3,7.1,-,-,-,-,
27-Jun-19,MO1,FB250,,0.0,220.0,6.0,0.0,0.0,0.9,0.0,0.7,0.0,0.0,0.3,0.0,0.3,6.0,0.0,0.0,0.0,0.0,0.0,0.0,0.0,0.0,0.0,0.0,0.0,0.0,0.0,0.0,0.0,0.0,0.0,0.0,0.0,0.0,0.0,0.0,0.0,227.2,,27-Jun-19,14:30,MO1,10,YSI 2030,15.1,214,39.600,25.3,25.8,761,8.6,0,0,2,0.15,
27-Jun-19,NDC,FB250,,23.5,160.5,0.5,87.9,1.2,0.0,0.0,0.0,0.0,0.0,0.0,0.0,0.0,0.7,0.1,0.0,0.0,0.0,0.0,0.1,0.0,2.4,0.1,1.6,0.0,0.0,0.0,0.0,0.7,0.0,0.0,0.0,0.3,0.0,0.0,1.7,0.0,278.3,,27-Jun-19,11:15,NDC,5,YSI 2030,3.8,42,5.610,3.1,20.6,763.1,6.5,0,0,1.5,0.07,Covered with red algae-photos
27-Jun-19,NWP,FB250,,85.1,3.3,0.0,116.7,0.0,2.8,0.0,2.3,0.0,0.3,0.0,0.3,1.3,0.0,0.0,0.0,0.0,0.0,0.0,0.1,0.8,0.0,0.0,0.0,0.0,0.0,0.0,0.0,0.0,0.0,0.0,0.0,0.0,0.0,0.0,0.3,0.0,210.4,,27-Jun-19,11:50,NWP,10,YSI 2030,13.1,161,2.390,1.2,24.5,762.8,8.8,0,0,2,0.15,
1-Jul-19,NEC,FB250,,18.4,0.3,0.0,0.0,0.0,0.0,0.0,0.0,0.0,0.0,0.0,0.0,0.0,0.0,0.0,0.0,0.0,0.0,0.0,0.0,0.0,0.0,0.0,0.0,0.0,0.0,0.0,0.0,0.0,0.0,0.0,0.0,0.0,0.0,0.0,0.0,0.0,18.7,,1-Jul-19,10:55,NEC,10,YSI 2030,10.2,140,26.520,16.2,26.0,760.7,8.8,0,1,2,0.60,
1-Jul-19,NMC,FB250,,1.2,32.5,1.5,0.0,0.4,2.3,0.0,2.3,0.0,0.0,0.0,0.0,0.1,1.5,0.0,0.0,0.0,0.0,0.0,0.0,0.0,0.0,0.0,0.0,0.0,0.0,0.0,0.0,0.0,0.0,0.0,0.0,0.0,0.0,0.0,0.0,0.0,38.0,,1-Jul-19,10:15,NMC,10,YSI 2030,8.8,117,27.190,16.8,24.7,760.9,8.6,0,0,2.5,0.60,
1-Jul-19,NPB,FB250,,2.1,14.4,4.3,0.3,2.1,1.5,0.0,1.3,0.0,0.0,0.1,0.0,0.0,4.3,0.0,2.4,0.0,2.4,0.0,0.0,0.0,0.0,0.0,0.0,0.0,0.0,0.0,0.0,0.0,0.0,0.0,0.0,0.0,0.0,0.0,0.0,0.0,27.1,,1-Jul-19,9:30,NPB,10,YSI 2030,7.8,101,13.690,7.9,26.2,759.2,7.5,0,1,2.5,0.20,
2-Jul-19,NVBR,FB250,,2.1,2.7,0.8,0.1,0.0,2.4,0.0,1.9,0.0,0.4,0.1,0.0,0.0,0.8,0.0,0.0,0.0,0.0,0.0,0.0,0.0,0.0,0.0,0.0,0.0,0.0,0.0,0.0,0.0,0.0,0.0,0.0,0.0,0.0,0.0,0.0,0.0,8.1,,2-Jul-19,16:00,NVBR,10,YSI 2030,13.2,195,32.200,20,29.7,758,8.9,0,0,3,0.40,
2-Jul-19,VBR1,FB250,,0.0,29.7,12.4,0.0,0.0,7.7,0.0,7.7,0.0,0.0,0.0,0.0,0.0,12.4,0.0,0.0,0.0,0.0,0.0,0.0,0.0,0.0,0.0,0.0,0.0,0.0,0.0,0.0,0.0,0.0,0.0,0.0,0.0,0.0,0.0,0.0,0.0,49.9,,2-Jul-19,17:00,VBR1,10,YSI 2030,12.8,193,33.600,21,29.3,757.2,8.9,0,0,2,0.40,
11-Jul-19,DSP,FB250,,0.1,3.1,0.0,18.3,0.0,0.1,0.0,0.1,0.0,0.0,0.0,0.0,0.0,0.0,0.0,0.0,0.0,0.0,0.0,0.0,0.0,0.0,0.0,0.0,0.0,0.0,0.0,0.0,0.0,0.0,0.0,0.0,0.1,0.0,0.5,0.0,0.0,22.3,,11-Jul-19,16:40,DSP,10,YSI 2030,7.6,98,5.130,2.7,27.6,760.2,7.3,0,0,1,0.60,
12-Jul-19,CUL1,FB250,,0.0,32.5,92.9,0.0,0.0,0.0,0.0,0.0,0.0,0.0,0.0,0.0,0.0,92.9,0.0,0.0,0.0,0.0,0.0,0.0,0.0,0.0,0.0,0.0,0.0,0.0,0.0,0.0,0.0,0.0,0.0,0.0,0.1,0.0,0.0,0.0,0.0,125.6,,12-Jul-19,7:45,CUL1,10,YSI 2030,0.6,5,30.410,15.9,20.9,759.8,8.0,0,0,0.5,0.10,
1-Aug-19,NEC,FB250,,0.0,0.0,0.0,0.0,0.0,0.0,0.0,0.0,0.0,0.0,0.0,0.0,0.0,0.0,0.0,0.0,0.0,0.0,0.0,0.0,0.0,0.0,0.0,0.0,0.0,0.0,0.0,0.0,0.0,0.0,0.0,0.0,0.0,0.0,0.0,0.0,0.0,0.0,,1-Aug-19,16:35,NEC,10,YSI 2030,12.7,208,48.540,31.6,31.6,759.5,8.8,0,0,1,0.50,
1-Aug-19,NMC,FB250,,0.3,16.9,2.0,0.0,0.0,1.7,0.0,1.7,0.0,0.0,0.0,0.0,0.0,2.0,0.0,0.0,0.0,0.0,0.0,0.0,0.0,0.0,0.0,0.0,0.0,0.0,0.0,0.0,0.0,0.0,0.0,0.0,0.0,0.0,0.0,0.0,0.0,20.9,,1-Aug-19,16:00,NMC,10,YSI 2030,6.4,107,42.320,26.6,34.1,759.3,8.5,0,0,0.5,1.00,
1-Aug-19,NPB,FB250,,1.6,7.3,13.5,0.0,0.0,0.9,0.0,0.9,0.0,0.0,0.0,0.0,0.0,13.5,0.0,0.1,0.1,0.0,0.0,0.0,0.0,0.1,0.0,0.0,0.0,0.0,0.0,0.0,0.1,0.0,0.0,0.0,0.0,0.0,0.0,0.0,0.0,23.6,,1-Aug-19,15:20,NPB,10,YSI 2030,13.2,196,22.330,13.3,32.6,759.5,7.6,0,0,1,0.40,
1-Aug-19,NWP,FB250,,9.2,3.5,0.0,0.7,0.0,2.8,0.0,2.4,0.0,0.4,0.0,0.0,0.0,0.0,0.0,0.0,0.0,0.0,0.0,0.0,0.0,0.0,0.0,0.0,0.0,0.0,0.0,0.0,0.0,0.0,0.0,0.0,0.0,0.0,0.0,0.0,0.0,16.1,,1-Aug-19,14:20,NWP,10,YSI 2030,12.9,179,10.170,5.7,31.0,760.2,8.6,0,0,1,0.60,
2-Aug-19,CUL1,FB250,,0.0,0.1,40.9,0.0,2.5,0.0,0.0,0.0,0.0,0.0,0.0,0.0,0.0,40.9,0.0,0.0,0.0,0.0,0.0,0.0,0.0,0.0,0.0,0.0,0.0,0.0,0.0,0.0,0.0,0.0,0.0,0.0,0.0,0.0,0.0,0.0,0.0,43.6,,2-Aug-19,12:10,CUL1,10,YSI 2030,6.4,107,80.200,56.8,27.2,759.3,8.0,0,0,1,0.50,
2-Aug-19,MO1,FB250,,0.3,12.1,36.4,0.0,0.0,0.0,0.0,0.0,0.0,0.0,0.0,0.0,0.1,36.4,0.0,0.0,0.0,0.0,0.0,0.0,0.0,0.0,0.0,0.0,0.0,0.0,0.0,0.0,0.0,0.0,0.0,0.0,0.0,0.0,0.0,0.0,0.0,48.9,,2-Aug-19,11:30,MO1,10,YSI 2030,8,118,58.200,39,25.0,760.1,8.2,0,0,1,0.40,
2-Aug-19,NVBR,FB250,,0.0,14.0,8.1,0.0,0.0,0.0,0.0,0.0,0.0,0.0,0.0,0.0,0.0,8.1,0.0,0.0,0.0,0.0,0.0,0.0,0.0,0.0,0.0,0.0,0.0,0.0,0.0,0.0,0.0,0.0,0.0,0.0,0.0,0.0,0.0,0.0,0.0,22.1,,2-Aug-19,8:15,NVBR,10,YSI 2030,5.9,84,50.300,33,24.9,761.5,8.3,0,0,1,0.50,
2-Aug-19,VBR1,FB250,,0.0,0.0,6.5,0.0,0.0,0.0,0.0,0.0,0.0,0.0,0.0,0.0,0.0,6.5,0.0,0.0,0.0,0.0,0.0,0.0,0.0,0.0,0.0,0.0,0.0,0.0,0.0,0.0,0.0,0.0,0.0,0.0,0.0,0.0,0.0,0.0,0.0,6.5,,2-Aug-19,9:05,VBR1,10,YSI 2030,5.3,77,50.700,33.2,24.6,761.2,8.5,0,0,0.8,0.50,
3-Aug-19,DSP,FB250,,1.5,1.7,0.0,3.5,0.0,0.0,0.0,0.0,0.0,0.0,0.0,0.0,0.0,0.1,0.1,0.0,0.0,0.0,0.0,0.0,0.0,0.0,0.0,0.0,0.0,0.0,0.0,0.0,0.0,0.0,0.0,0.0,0.5,0.0,0.0,0.0,0.0,7.3,,3-Aug-19,10:15,DSP,10,YSI 2030,3.7,45,6.960,3.8,24.5,759.5,7.0,-,-,0.5,0.50,
18-Sep-19,NPB,FB250,,2.7,0.0,0.0,0.0,0.0,0.0,0.0,0.0,0.0,0.0,0.0,0.0,0.0,0.0,0.0,0.0,0.0,0.0,0.0,0.0,0.0,0.0,0.0,0.0,0.0,0.0,0.0,0.0,0.0,0.0,0.0,0.0,0.0,0.0,0.0,0.0,0.0,2.7,,18-Sep-19,10:25,NPB,10,YSI 2030,2.5,29,5.440,2.9,20.5,759.7,6.9,0,0,1,0.40,
20-Sep-19,NEC,FB250,,0.3,0.0,2.8,0.0,0.1,0.0,0.0,0.0,0.0,0.0,0.0,0.0,0.0,2.8,0.0,0.0,0.0,0.0,0.0,0.0,0.0,0.0,0.0,0.0,0.0,0.0,0.0,0.0,0.0,0.0,0.0,0.0,0.0,0.0,0.0,0.0,0.0,3.2,,20-Sep-19,9:10,NEC,10,YSI 2030,2.2,33,70.900,48.7,21.3,759.7,7.7,0,0,1,0.40,
20-Sep-19,NMC,FB250,,3.5,0.4,0.3,0.0,0.1,0.3,0.0,0.3,0.0,0.0,0.0,0.0,0.0,0.3,0.0,0.0,0.0,0.0,0.0,0.0,0.0,0.0,0.0,0.0,0.0,0.0,0.0,0.0,0.0,0.0,0.0,0.0,0.0,0.0,0.0,0.0,0.0,4.5,,20-Sep-19,8:40,NMC,10,YSI 2030,0.4,5,70.600,48.4,21.1,759.5,7.8,0,0,1,0.50,
23-Sep-19,NVBR,FB250,,0.0,0.0,0.1,0.0,0.0,0.0,0.0,0.0,0.0,0.0,0.0,0.0,0.0,0.1,0.0,0.0,0.0,0.0,0.0,0.0,0.0,0.0,0.0,0.0,0.0,0.0,0.0,0.0,0.0,0.0,0.0,0.0,0.0,0.0,0.0,0.0,0.0,0.1,,23-Sep-19,16:40,NVBR,10,YSI 2030,15.9,99,77.500,53.8,26.6,759.5,8.4,0,1,1,0.60,
23-Sep-19,VBR1,FB250,,0.3,0.1,0.1,0.0,0.0,0.0,0.0,0.0,0.0,0.0,0.0,0.0,0.0,0.1,0.0,0.0,0.0,0.0,0.0,0.0,0.0,0.0,0.0,0.0,0.0,0.0,0.0,0.0,0.0,0.0,0.0,0.0,0.0,0.0,0.0,0.0,0.0,0.5,,23-Sep-19,17:10,VBR1,10,YSI 2030,12,205,74.800,51.7,28.1,758.9,8.4,0,0,1,0.60,
24-Sep-19,DSP,FB250,,19.5,4.0,0.4,118.3,0.0,1.1,0.4,0.3,0.0,0.4,0.0,0.0,0.0,0.9,0.5,0.0,0.0,0.0,0.0,1.1,0.3,0.0,0.0,0.0,0.0,0.0,0.0,0.0,0.0,0.0,0.0,0.0,0.0,0.0,0.0,0.0,0.0,145.1,,24-Sep-19,9:50,DSP,10,YSI 2030,5.8,70,11.930,6.8,22.4,760.4,7.6,0,0,1,0.50,
24-Sep-19,MO1,FB250,,3.3,0.8,0.4,0.0,0.5,0.0,0.0,0.0,0.0,0.0,0.0,0.0,0.0,0.4,0.0,0.1,0.0,0.1,0.0,0.0,0.0,0.0,0.0,0.0,0.0,0.0,0.0,0.0,0.0,0.0,0.0,0.0,0.0,0.0,0.0,0.0,0.0,5.2,,24-Sep-19,9:15,MO1,10,YSI 2030,8.1,123,75.600,54.6,20.6,760.6,8.0,0,0,1,0.40,
21-Oct-19,NPB,FB250,,48.4,0.7,0.0,0.5,0.5,0.0,0.0,0.0,0.0,0.0,0.0,0.0,0.0,0.0,0.0,0.0,0.0,0.0,0.0,0.0,0.0,0.0,0.0,0.0,0.0,0.0,0.0,0.0,0.0,0.0,0.0,0.0,0.0,0.0,0.0,0.0,0.0,50.1,,21-Oct-19,14:45,NPB,10,YSI 2030,21.6,252,5.670,3.1,22.0,759.6,7.6,0,0,1,0.40,
21-Oct-19,NVBR,FB250,,0.1,0.9,0.9,0.0,0.4,0.0,0.0,0.0,0.0,0.0,0.0,0.0,0.0,0.9,0.0,0.0,0.0,0.0,0.0,0.0,0.0,0.0,0.0,0.0,0.0,0.0,0.0,0.0,0.0,0.0,0.0,0.0,0.0,0.0,0.0,0.0,0.0,2.4,,21-Oct-19,15:50,NVBR,10,YSI 2030,11.5,196,79.400,55.4,26.7,759.6,7.9,0,0,1,0.50,
21-Oct-19,VBR1,FB250,,0.0,0.3,0.8,0.0,0.0,0.1,0.0,0.0,0.1,0.0,0.0,0.0,0.0,0.8,0.0,0.0,0.0,0.0,0.0,0.0,0.0,0.1,0.0,0.0,0.0,0.0,0.0,0.0,0.0,0.0,0.0,0.0,0.0,0.0,0.0,0.0,0.0,1.2,,21-Oct-19,16:35,VBR1,10,YSI 2030,11.5,193,79.800,55.8,25.7,759.7,7.9,0,0,1,0.50,
25-Oct-19,CUL1,FB250,,0.0,0.0,2.1,0.0,0.0,0.1,0.0,0.0,0.1,0.0,0.0,0.0,0.0,2.1,0.0,0.0,0.0,0.0,0.0,0.0,0.0,7.3,7.3,0.0,0.0,0.0,0.0,0.0,0.0,0.0,0.0,0.0,0.0,0.0,0.0,0.0,0.0,9.6,,25-Oct-19,16:35,CUL1,10,YSI 2030,9.3,98,138.000,OVER,21.8,759.9,7.3,0,0,0.5,0.20,
29-Oct-19,DSP,FB250,,30.9,2.1,1.3,0.1,0.4,0.5,0.0,0.5,0.0,0.0,0.0,0.0,0.1,1.3,0.0,0.0,0.0,0.0,0.0,1.1,0.1,0.0,0.0,0.0,0.0,0.0,0.0,0.0,0.0,0.0,0.0,0.0,0.0,0.0,0.0,0.0,0.0,36.8,,29-Oct-19,13:30,DSP,10,YSI 2030,4.5,52,16.520,9.7,20.8,757.7,7.3,0,0,1,0.40,
29-Oct-19,MO1,FB250,,3.3,0.0,0.0,0.0,0.1,0.0,0.0,0.0,0.0,0.0,0.0,0.0,0.0,0.0,0.0,0.0,0.0,0.0,0.0,0.0,0.0,0.0,0.0,0.0,0.0,0.0,0.0,0.0,0.0,0.0,0.0,0.0,0.0,0.0,0.0,0.0,0.0,3.5,,29-Oct-19,12:45,MO1,10,YSI 2030,11.3,176,89.600,63.4,18.5,759.4,8.2,0,0,1,0.50,
31-Oct-19,NEC,FB250,,0.1,0.3,2.1,0.0,0.0,0.0,0.0,0.0,0.0,0.0,0.0,0.0,0.0,2.1,0.0,0.0,0.0,0.0,0.0,0.0,0.0,0.0,0.0,0.0,0.0,0.0,0.0,0.0,0.0,0.0,0.0,0.0,0.0,0.0,0.0,0.0,0.0,2.5,,31-Oct-19,14:40,NEC,10,YSI 2030,14.5,178,37.930,24.1,20.1,764,7.6,0,0,1,0.50,
31-Oct-19,NMC,FB250,,4.1,0.0,1.6,0.0,0.0,0.0,0.0,0.0,0.0,0.0,0.0,0.0,0.0,1.6,0.0,0.0,0.0,0.0,0.0,0.0,0.0,0.0,0.0,0.0,0.0,0.0,0.0,0.0,0.0,0.0,0.0,0.0,0.0,0.0,0.0,0.0,0.0,5.7,,31-Oct-19,15:20,NMC,10,YSI 2030,9.6,163,78.000,56.6,19.5,763.8,7.8,0,0,1,0.80,
18-Nov-19,NVBR,FB250,,0.1,0.0,0.3,0.0,0.0,0.0,0.0,0.0,0.0,0.0,0.0,0.0,0.0,0.3,0.0,0.1,0.1,0.0,0.0,0.0,0.0,0.0,0.0,0.0,0.0,0.0,0.0,0.0,0.0,0.0,0.0,0.0,0.0,0.0,0.0,0.0,0.0,0.5,,18-Nov-19,16:00,NVBR,10,YSI 2030,11.6,184,81.300,57,21.6,757,7.9,0,0,1,0.50,
18-Nov-19,VBR1,FB250,,0.0,0.0,0.1,0.0,0.0,0.0,0.0,0.0,0.0,0.0,0.0,0.0,0.0,0.1,0.0,0.0,0.0,0.0,0.0,0.0,0.0,0.0,0.0,0.0,0.0,0.0,0.0,0.0,0.0,0.0,0.0,0.0,0.0,0.0,0.0,0.0,0.0,0.1,,18-Nov-19,16:35,VBR1,10,YSI 2030,9.5,152,81.300,57,22.1,757.2,7.9,0,0,1,0.50,
21-Nov-19,CUL1,FB250 ,,0.0,0.0,0.9,0.0,0.0,0.1,0.0,0.0,0.1,0.0,0.0,0.0,0.0,0.9,0.0,0.0,0.0,0.0,0.0,0.0,0.0,38.3,38.1,0.0,0.0,0.0,0.0,0.0,0.0,0.1,0.0,0.0,0.0,0.0,0.0,0.0,0.0,39.3,,21-Nov-19,15:35,CUL1,10,YSI 2030,OVER,192,137.800,OVER,15.9,760.2,7.5,0,0,1,0.20,
21-Nov-19,MO1,FB250,,0.7,0.0,0.0,0.0,0.0,0.0,0.0,0.0,0.0,0.0,0.0,0.0,0.0,0.0,0.0,0.0,0.0,0.0,0.0,0.0,0.0,0.0,0.0,0.0,0.0,0.0,0.0,0.0,0.0,0.0,0.0,0.0,0.0,0.0,0.0,0.0,0.0,0.7,,21-Nov-19,14:35,MO1,10,YSI 2030,6.1,87,90.800,64.8,15.6,760.2,8.0,0,0,1,0.40,
22-Nov-19,DSP,FB250,,47.3,230.4,1.2,0.0,0.0,18.1,0.0,0.1,0.0,0.0,18.0,0.0,0.0,1.2,0.0,0.0,0.0,0.0,0.0,0.0,0.0,0.0,0.0,0.0,0.0,0.0,0.0,0.0,0.0,0.0,0.0,0.0,0.0,0.0,0.0,0.0,0.0,297.1,,22-Nov-19,16:40,DSP,10,YSI 2030,13.2,128,4.380,2.6,18.1,765.1,7.5,0,0,1,0.40,
24-Nov-19,NEC,FB250,,0.9,0.0,5.1,0.0,0.0,0.0,0.0,0.0,0.0,0.0,0.0,0.0,0.0,5.1,0.0,0.0,0.0,0.0,0.0,0.0,0.0,0.0,0.0,0.0,0.0,0.0,0.0,0.0,0.0,0.0,0.0,0.0,0.0,0.0,0.0,0.0,0.0,6.0,,24-Nov-19,9:30,NEC,10,YSI 2030,6.3,77,81.600,56.8,12.3,764.9,7.6,0,0,1,0.40,
24-Nov-19,NMC,FB250,,3.2,0.0,3.3,0.0,0.1,0.0,0.0,0.0,0.0,0.0,0.0,0.0,0.0,3.3,0.0,0.0,0.0,0.0,0.0,0.0,0.0,0.0,0.0,0.0,0.0,0.0,0.0,0.0,0.0,0.0,0.0,0.0,0.0,0.0,0.0,0.0,0.0,6.7,,24-Nov-19,9:50,NMC,10,YSI 2030,6.3,84,80.900,49,13.1,764.4,7.7,0,0,1,0.50,
24-Nov-19,NPB,FB250,,3.9,2.4,0.0,0.0,0.0,0.0,0.0,0.0,0.0,0.0,0.0,0.0,0.0,0.0,0.0,0.0,0.0,0.0,0.0,0.0,0.0,0.0,0.0,0.0,0.0,0.0,0.0,0.0,0.0,0.0,0.0,0.0,0.0,0.0,0.0,0.0,0.0,6.3,,24-Nov-19,9:00,NPB,10,YSI 2030,11.9,66,5.000,2.7,11.1,765.5,7.4,0,0,1,0.40,
11-Dec-19,CUL1,FB250,,0.0,0.0,0.8,0.0,0.0,0.4,0.3,0.0,0.1,0.0,0.0,0.0,0.0,0.8,0.0,0.1,0.1,0.0,0.0,0.0,0.0,0.3,0.1,0.0,0.0,0.0,0.0,0.0,0.0,0.1,0.0,0.0,0.5,0.0,0.0,0.0,0.0,2.1,,11-Dec-19,15:00,CUL1,10,YSI 2030,15.4,166,7.620,4.2,16.5,765.7,8.7,0,0,1,0.60,
11-Dec-19,MO1,FB250,,0.0,0.0,0.4,0.0,0.0,0.0,0.0,0.0,0.0,0.0,0.0,0.0,0.0,0.4,0.0,0.0,0.0,0.0,0.0,0.0,0.0,0.1,0.0,0.0,0.0,0.0,0.0,0.0,0.1,0.0,0.0,0.0,0.0,0.0,0.0,0.0,0.0,0.5,,11-Dec-19,15:45,MO1,10,YSI 2030,17.3,175,8.150,4.6,15.2,765.5,8.8,0,0,2,0.70,
11-Dec-19,NVBR,FB250,,0.0,0.0,0.0,0.3,0.1,0.1,0.0,0.1,0.0,0.0,0.0,0.0,0.0,0.0,0.0,0.0,0.0,0.0,0.0,0.0,0.0,0.0,0.0,0.0,0.0,0.0,0.0,0.0,0.0,0.0,0.0,0.0,0.0,0.0,0.0,0.0,0.0,0.5,,11-Dec-19,14:30,NVBR,10,YSI 2030,18.6,199,6.120,3.3,17.7,765.6,8.4,0,0,2,0.40,
11-Dec-19,VBR1,FB250,,0.0,0.3,0.0,0.0,0.0,0.0,0.0,0.0,0.0,0.0,0.0,0.0,0.0,0.0,0.0,0.0,0.0,0.0,0.0,0.0,0.0,0.0,0.0,0.0,0.0,0.0,0.0,0.0,0.0,0.0,0.0,0.0,0.1,0.0,0.0,0.0,0.0,0.4,,11-Dec-19,14:30,VBR1,10,YSI 2030,15.9,173,7.040,3.9,17.6,765.4,8.2,0,0,2,0.50,
12-Dec-19,NDC,FB250,,0.7,1.2,0.0,0.0,0.0,0.0,0.0,0.0,0.0,0.0,0.0,0.0,0.1,0.0,0.0,0.0,0.0,0.0,0.0,0.0,0.0,0.0,0.0,0.0,0.0,0.0,0.0,0.0,0.0,0.0,0.0,0.0,0.0,0.0,0.0,0.0,0.0,2.0,,12-Dec-19,10:45,NDC,10,YSI 2030,4.4,41,0.390,0.2,13.9,767.2,6.5,0,0,2,0.40,
12-Dec-19,NEC,FB250,,0.1,0.4,0.1,0.0,0.0,0.0,0.0,0.0,0.0,0.0,0.0,0.0,0.0,0.1,0.0,0.0,0.0,0.0,0.0,0.0,0.0,0.0,0.0,0.0,0.0,0.0,0.0,0.0,0.0,0.0,0.0,0.0,0.0,0.0,0.0,0.0,0.0,0.7,,12-Dec-19,11:25,NEC,10,YSI 2030,18.4,198,3.180,1.7,18.9,766.5,8.2,0,0,2,0.25,
12-Dec-19,NMC,FB250,,0.4,0.9,1.1,0.1,0.0,0.0,0.0,0.0,0.0,0.0,0.0,0.0,0.0,1.1,0.0,0.0,0.0,0.0,0.0,0.0,0.0,0.0,0.0,0.0,0.0,0.0,0.0,0.0,0.0,0.0,0.0,0.0,0.0,0.0,0.0,0.0,0.0,2.5,,12-Dec-19,11:45,NMC,10,YSI 2030,17.9,194,6.630,3.6,18.1,766.2,7.8,0,0,2,0.20,
12-Dec-19,NPB,FB250,,4.0,0.5,0.0,0.0,0.0,0.0,0.0,0.0,0.0,0.0,0.0,0.0,0.0,0.0,0.0,0.0,0.0,0.0,0.0,0.0,0.0,0.0,0.0,0.0,0.0,0.0,0.0,0.0,0.0,0.0,0.0,0.0,0.0,0.0,0.0,0.0,0.0,4.5,,12-Dec-19,11:05,NPB,10,YSI 2030,18.2,187,4.100,2.2,16.5,766.7,7.2,0,0,2,0.70,
12-Dec-19,NWP,FB250,,0.3,2.3,0.0,0.1,0.0,0.0,0.0,0.0,0.0,0.0,0.0,0.0,0.0,0.0,0.0,0.0,0.0,0.0,0.0,0.0,0.0,0.0,0.0,0.0,0.0,0.0,0.0,0.0,0.0,0.0,0.0,0.0,0.0,0.0,0.0,0.0,0.0,2.7,,12-Dec-19,10:25,NWP,10,YSI 2030,4.2,41,0.000,0,15.3,767.3,6.8,0,0,2,0.25,
,,,,,,,,,,,,,,,,,,,,,,,,,,,,,,,,,,,,,,,,TOTAL 2019 FB250 Data from 2018 Sites,"6,218",,,,,,,,,,,,,,,,,,
,,,,,,,,,,,,,,,,,,,,,,,,,,,,,,,,,,,,,,,,TOTAL 2019 CORE Data from 2018 Sites,"30,140",,,,,,,,,,,,,,,,,,
,,,,,,,,,,,,,,,,,,,,,,,,,,,,,,,,,,,,,,,,TOTAL 2019 Data From ALL 2018 Sites,"36,358",,= CORE + FB250 Data,,,,,,,,,,,,,,,,
,,,,,,,,,,,,,,,,,,,,,,,,,,,,,,,,,,,,,,,,,,,,,,,,,,,,,,,,,,,
,,,,,,,,,,,,,,,,,,,,,,,,,,,,,,,,,,,,,,,,,,,,,,,,,,,,,,,,,,,
,2019 Data from NON-2018 Sites,,,,,,,,,,,,,,,,,,,,,,,,,,,,,,,,,,,,,,,,,,,,,,,,,,,,,,,,,,
27-Jan-19,VWCB6,FB250,,5.7,19.1,0.0,22.1,0.0,0.3,0.0,0.3,0.0,0.0,0.0,0.0,0.0,0.0,0.0,0.0,0.0,0.0,0.0,0.0,0.0,0.0,0.0,0.0,0.0,0.0,0.0,0.0,0.0,0.0,0.0,0.0,0.0,0.0,0.0,0.0,0.0,47.2,,27-Jan-19,14:30,VWCB6,10,YSI 2030,9.74,109.4,0.168,0.1,21.2,762,8.3,13,0,14,0.33,
27-Jan-19,VDSN,FB250,,17.6,222.1,0.0,70.9,1.5,0.0,0.0,0.0,0.0,0.0,0.0,0.0,0.0,0.0,0.0,0.0,0.0,0.0,0.0,0.0,0.0,0.0,0.0,0.0,0.0,0.0,0.0,0.0,0.0,0.0,0.0,0.0,0.0,0.1,0.0,0.0,0.0,312.3,,27-Jan-19,15:50,VDSN,10,YSI 2030,15.76,182.8,0.204,0.1,22.7,762.8,7.9,20,0,12.1,0.15,
28-Jan-19,VP1,FB250,,0.8,39.1,0.0,0.9,0.3,0.0,0.0,0.0,0.0,0.0,0.0,0.0,0.0,0.0,0.0,0.0,0.0,0.0,0.0,0.0,0.0,0.1,0.0,0.0,0.0,0.0,0.0,0.0,0.1,0.0,0.0,0.0,0.4,0.0,0.0,0.0,0.0,41.6,,28-Jan-19,15:15,CVP1,10,YSI 2030,13.9,150,0.095,0,18.8,760.8,9.0,74,0,13,0.33,
8-Feb-19,VNVP10,FB250,,10.0,25.2,0.0,98.7,0.0,0.0,0.0,0.0,0.0,0.0,0.0,0.0,0.0,0.0,0.0,0.0,0.0,0.0,0.0,0.0,0.0,0.0,0.0,0.0,0.0,0.0,0.0,0.0,0.0,0.0,0.0,0.0,0.0,0.0,0.0,0.0,0.0,133.9,,8-Feb-19,14:10,NVP10,10,YSI 2030,8.79,95.8,0.076,0,19.5,762.6,7.5,18,0,13,0.28,
11-Feb-19,VCC7,FB250,,2.5,6.9,0.0,26.0,0.0,0.0,0.0,0.0,0.0,0.0,0.0,0.0,0.0,0.0,0.0,0.0,0.0,0.0,0.0,0.0,0.0,0.0,0.0,0.0,0.0,0.0,0.0,0.0,0.0,0.0,0.0,0.0,0.0,0.0,0.0,0.0,0.0,35.5,,11-Feb-19,15:35,VM7 ,10,YSI 2030 ,15.87,168.3,0.158,0.1,18.2,764.7,8.8,7,-,8,0.27,
11-Feb-19,VM3,FB250,,23.2,12.0,0.0,45.7,0.0,0.0,0.0,0.0,0.0,0.0,0.0,0.0,0.0,0.0,0.0,0.0,0.0,0.0,0.0,0.0,0.0,0.0,0.0,0.0,0.0,0.0,0.0,0.0,0.0,0.0,0.0,0.0,0.0,0.0,0.0,0.0,0.0,80.9,,11-Feb-19,14:30,VM3,10,YSI 2030,9.4,99.5,0.000,0,18.1,765,6.8,2,-,17,0.42,
11-Feb-19,VM7,FB250,,8.0,12.7,0.0,94.4,0.1,0.0,0.0,0.0,0.0,0.0,0.0,0.0,0.0,0.0,0.0,0.0,0.0,0.0,0.0,0.0,0.0,0.0,0.0,0.0,0.0,0.0,0.0,0.0,0.0,0.0,0.0,0.0,0.0,0.0,0.0,0.0,0.0,115.2,,11-Feb-19,15:35,VM7 ,10,YSI 2030 ,15.87,168.3,0.158,0.1,18.2,764.7,8.8,7,-,8,0.27,
11-Feb-19,VOW1,FB250,,123.1,11.9,0.0,102.4,0.0,0.0,0.0,0.0,0.0,0.0,0.0,0.0,0.0,0.0,0.0,0.0,0.0,0.0,0.0,0.0,0.0,0.0,0.0,0.0,0.0,0.0,0.0,0.0,0.0,0.0,0.0,0.0,0.0,0.0,0.1,0.0,0.0,237.5,,11-Feb19,10:50,VOW1,10,YSI 2030,5.74,50.1,0.030,0,9.3,766,6.9,7,0,30,0.42,
7-Mar-19,VMMesa,FB250,,56.0,6.3,0.0,94.5,0.0,1.6,0.0,1.6,0.0,0.0,0.0,0.0,0.0,0.0,0.0,0.0,0.0,0.0,0.0,0.0,0.0,0.0,0.0,0.0,0.0,0.0,0.0,0.0,0.0,0.0,0.0,0.0,0.0,0.0,0.0,0.0,0.1,158.5,,7-Mar-19,8:33,VMM,10,YSI 2030,2.54,22.8,0.154,0.1,12.1,,,4,0, ,0.30,No barametric pressure or Ph data recorded
13-Mar-19,VP1,FB250,,7.6,34.4,0.0,90.8,0.0,0.0,0.0,0.0,0.0,0.0,0.0,0.0,0.0,0.0,0.0,0.0,0.0,0.0,0.0,0.0,0.0,0.0,0.0,0.0,0.0,0.0,0.0,0.0,0.0,0.0,0.0,0.0,0.0,0.0,0.0,0.0,0.0,132.8,,13-Mar-19,10:45,CVP1,10,YSI 2030,8.68,86,0.050,0,14.7,762.1,6.8,5,0,7,.05-.5,
8-Apr-19,VNVP10,FB250,,2.9,0.0,0.8,0.8,0.0,0.5,0.3,0.0,0.0,0.3,0.0,0.0,0.0,0.9,0.1,0.0,0.0,0.0,0.0,0.0,3.9,2.4,0.0,0.0,0.1,0.0,0.0,2.1,0.0,0.0,0.1,0.0,0.0,0.0,0.0,0.0,0.0,11.5,,8-Apr-19,13:30,VNVP10,10,YSI 2030,11.86,152.4,0.252,0.1,28.3,759.4,7.9,-,0,2,0.18,tadpole count combined
8-Apr-19,VP1,FB250,,102.7,114.1,0.0,495.1,0.0,0.0,0.0,0.0,0.0,0.0,0.0,0.0,0.1,0.0,0.0,0.0,0.0,0.0,0.0,0.0,0.0,0.0,0.0,0.0,0.0,0.0,0.0,0.0,0.0,0.0,0.0,0.0,0.1,0.0,0.0,0.0,0.0,712.1,,8-Apr-19,11:00,VP1,10,YSI 2030,8.97,107.5,0.162,0.1,24.5,762.7,6.3,1,0,2,0.43,
8-Apr-19,VOW1,FB250,,4.0,11.7,0.0,77.3,0.0,0.0,0.0,0.0,0.0,0.0,0.0,0.0,0.0,0.0,0.0,0.0,0.0,0.0,0.0,0.0,0.0,0.0,0.0,0.0,0.0,0.0,0.0,0.0,0.0,0.0,0.0,0.0,0.0,0.0,0.0,0.0,0.0,93.1,,8-Apr-19,15:20,VOW1,10,YSI 2030,7.84,98.4,0.023,0,26.9,759.1,7.1,2,0,2,0.18,
10-Apr-19,VCC7,FB250,,104.7,96.0,0.3,666.7,0.0,1.9,0.0,1.9,0.0,0.0,0.0,0.0,0.0,0.3,0.0,0.0,0.0,0.0,0.0,0.0,0.3,0.4,0.0,0.4,0.0,0.0,0.0,0.0,0.0,0.0,0.0,0.0,0.0,0.0,0.0,0.0,0.0,870.1,,10-Apr-19,11:00,VCC7,5,YSI 2030,8.4,113,0.000,0,32.8,761.6,6.8,76,0,2,0.05,
10-Apr-19,VDSN,FB250,,281.6,28.8,0.0,"2,365.9",25.6,6.1,0.0,3.7,0.0,2.4,0.0,0.0,0.0,0.0,0.0,0.0,0.0,0.0,0.0,0.0,0.0,0.3,0.1,0.1,0.0,0.0,0.0,0.0,0.0,0.0,0.0,0.0,0.0,0.0,0.0,0.0,0.0,"2,708.3",,10-Apr-19,13:25,VDSN,10,YSI 2030,3.9,45,0.076,0,23.5,761.5,6.1,0,0,0,0.19,
15-Apr-19,VM3,FB250,,92.9,8.4,0.0,589.1,0.3,0.0,0.0,0.0,0.0,0.0,0.0,0.0,0.0,0.0,0.0,0.0,0.0,0.0,0.0,0.0,0.0,0.8,0.0,0.8,0.0,0.0,0.0,0.0,0.0,0.0,0.0,0.0,0.0,0.0,0.1,0.0,0.0,691.6,,15-Apr-19,12:30,VM3,10,YSI 2030,18.1,208,0.001,0,22.1,759.1,8.1,6,0,7,0.30,
15-Apr-19,VM7,FB250,,26.5,29.2,0.0,"2,233.3",4.1,1.6,0.0,0.1,0.0,1.5,0.0,0.0,0.0,0.0,0.0,0.0,0.0,0.0,0.0,0.0,0.0,0.0,0.0,0.0,0.0,0.0,0.0,0.0,0.0,0.0,0.0,0.0,0.0,0.0,0.0,0.0,0.0,"2,294.8",,15-Apr-19,11:30,VM7,10,YSI 2030 ,7,80,0.060,0,21.6,759.1,6.9,4,0,2,0.12,
1-May-19,VNVP10,FB250,,3.7,0.0,0.0,5.1,0.0,0.0,0.0,0.0,0.0,0.0,0.0,0.0,0.0,0.0,0.0,0.0,0.0,0.0,0.0,0.0,0.0,0.3,0.3,0.0,0.0,0.0,0.0,0.0,0.0,0.0,0.0,0.0,0.0,0.0,0.0,0.0,0.0,9.1,,1-May-19,16:00,NVP10,10,YSI 2030,9.5,127,0.720,0.3,30.5,757.4,7.8,1,0,6.5,"0,25",
2-May-19,VM3,FB250,,0.0,0.0,0.0,0.4,0.0,0.0,0.0,0.0,0.0,0.0,0.0,0.0,0.0,0.0,0.0,0.0,0.0,0.0,0.0,0.0,0.0,0.0,0.0,0.0,0.0,0.0,0.0,0.0,0.0,0.0,0.0,0.0,0.0,0.0,0.0,0.0,0.0,0.4,,2-May-19,15:00,VM3,10,YSI 2030,8.5,109,0.329,0.2,28.1,759.9,7.5,1,0,8,0.10,
2-May-19,VM7,FB250,,501.3,501.3,0.0,"1,050.7",549.3,10.7,0.0,0.0,0.0,10.7,0.0,0.0,0.0,0.0,0.0,2.1,0.0,2.1,0.0,0.0,0.0,0.0,0.0,0.0,0.0,0.0,0.0,0.0,0.0,0.0,0.0,0.0,0.0,0.0,24.5,0.0,0.0,"2,640.0",,2-May-19,15:30,VM7,3,YSI 2030,3.6,44,1.059,0.5,26.1,759.5,6.9,14,0,4,0.04,Lots of gunk in water
18-Oct-19,PIER,FB250,,2.3,0.0,0.5,0.0,0.3,0.0,0.0,0.0,0.0,0.0,0.0,0.0,0.0,0.5,0.0,0.0,0.0,0.0,0.0,0.0,0.0,0.9,0.0,0.9,0.0,0.0,0.0,0.0,0.0,0.0,0.0,0.0,0.0,0.0,0.0,0.0,0.0,4.0,,18-Oct-19,10:00,PIER,10,YSI 2030,6.9,102,81.800,57.4,22.9,760.9,8.0,0,0,1,0.30,
25-Oct-19,PIER,FB250,,8.4,0.7,1.1,0.0,0.0,0.0,0.0,0.0,0.0,0.0,0.0,0.0,0.0,1.1,0.0,0.0,0.0,0.0,0.0,0.0,0.0,0.0,0.0,0.0,0.0,0.0,0.0,0.0,0.0,0.0,0.0,0.0,0.0,0.0,0.0,0.0,0.0,10.1,,25-Oct-19,15:45,PIER,10,YSI 2030,14.2,236,88.500,62.9,22.8,760.5,8.2,0,0,1,0.30,
21-Nov-19,PIER,FB250,,0.1,0.0,1.6,0.0,0.0,0.0,0.0,0.0,0.0,0.0,0.0,0.0,0.0,1.6,0.0,0.0,0.0,0.0,0.0,0.0,0.0,0.0,0.0,0.0,0.0,0.0,0.0,0.0,0.0,0.0,0.0,0.0,0.0,0.0,0.0,0.0,0.0,1.7,,21-Nov-19,15:00,PIER,10,YSI 2030,10.1,156,91.500,65.4,17.6,760.2,8.0,0,0,1,0.30,
25-Nov-19,NPB1,FB250,,0.0,18.3,0.0,16.0,0.0,0.4,0.0,0.3,0.0,0.1,0.0,0.0,26.9,0.0,0.0,0.1,0.0,0.1,0.0,0.0,0.0,0.0,0.0,0.0,0.0,0.0,0.0,0.0,0.0,0.0,0.0,0.0,0.0,0.0,0.0,0.0,0.0,61.7,,25-Nov-19,10:20,NBP1,10,YSI 2030,6.7,55,4.750,2.6,9.9,759.8,7.2,0,0,3,0.45,
25-Nov-19,NPB2,FB250,,3.2,0.0,0.0,0.0,0.0,0.0,0.0,0.0,0.0,0.0,0.0,0.0,0.4,0.0,0.0,0.0,0.0,0.0,0.0,0.0,0.0,0.0,0.0,0.0,0.0,0.0,0.0,0.0,0.0,0.0,0.0,0.0,0.4,0.0,0.0,0.0,0.0,4.0,,25-Nov-19,9:35,NPB2,10,YSI 2030,14,131,3.180,1.7,12.1,760.5,7.5,0,0,1.4,0.15,
11-Dec-19,PIER,FB250,,0.1,0.3,2.0,0.0,0.0,0.0,0.0,0.0,0.0,0.0,0.0,0.0,0.0,2.0,0.0,0.0,0.0,0.0,0.0,0.0,0.0,0.0,0.0,0.0,0.0,0.0,0.0,0.0,0.0,0.0,0.0,0.0,0.0,0.0,0.1,0.0,0.0,2.5,,11-Dec-19,15:20,PIER,10,YSI 2030,18.5,184,7.970,4.4,15.0,765.9,8.7,0,0,1,0.20,
,,,,,,,,,,,,,,,,,,,,,,,,,,,,,,,,,,,,,,,,TOTAL 2019 FB250 from NON-2018 Sites,"11,410",,,,,,,,,,,,,,,,,,
,,,,,,,,,,,,,,,,,,,,,,,,,,,,,,,,,,,,,,,,,,,,,,,,,,,,,,,,,,,
,,,,,,,,,,,,,,,,,,,,,,,,,,,,,,,,,,,,,,,,,,,,,,,,,,,,,,,,,,,
,,,,,,,,,,,,,,,,,,,,,,,,,,,,,,,,,,,,,,,,,,,,,,,,,,,,,,,,,,,
,2019 Sweep Net Results,,,,,,,,,,,,,,,,,,,,,,,,,,,,,,,,,,,,,,,,,,,,,,,,,,,,,,,,,,
27-Jan-19,VWCB6,SW1,,0.08,0.03,0.00,1.90,0.02,0.01,0.00,0.00,0.00,0.00,0.00,0.00,0.00,0.00,0.00,0.00,0.00,0.00,0.00,0.00,0.00,0.00,0.00,0.00,0.00,0.00,0.00,0.00,0.00,0.00,0.00,0.00,0.00,0.00,0.00,0.00,0.00,2.1,,27-Jan-19,14:30,VWCB6,10,YSI 2030,9.74,109.4,0.168,0.1,21.2,762,8.3,13,0,14,0.33,
27-Jan-19,VDSN,SW1,,0.00,0.00,0.00,0.15,0.00,0.00,0.00,0.00,0.00,0.00,0.00,0.00,0.00,0.00,0.00,0.00,0.00,0.00,0.00,0.00,0.00,0.00,0.00,0.00,0.00,0.00,0.00,0.00,0.00,0.00,0.00,0.00,0.00,0.00,0.00,0.00,0.00,0.2,,27-Jan-19,15:50,VDSN,10,YSI 2030,15.76,182.8,0.204,0.1,22.7,762.8,7.9,20,0,12.1,0.15,
28-Jan-19,VP1,SW1,,0.39,0.08,0.00,0.02,0.01,0.00,0.00,0.00,0.00,0.00,0.00,0.00,0.00,0.00,0.00,0.00,0.00,0.00,0.00,0.00,0.00,0.00,0.00,0.00,0.00,0.00,0.00,0.00,0.00,0.00,0.00,0.00,0.00,0.00,0.04,0.00,0.00,0.5,,28-Jan-19,15:15,CVP1,10,YSI 2030,13.9,150,0.095,0,18.8,760.8,9.0,74,0,13,0.33,
30-Jan-19,VNVP4,SW1,,0.44,0.00,0.00,6.27,0.00,0.04,0.00,0.04,0.00,0.00,0.00,0.00,0.00,0.00,0.00,0.00,0.00,0.00,0.00,0.00,0.00,0.00,0.00,0.00,0.00,0.00,0.00,0.00,0.00,0.00,0.00,0.00,0.00,0.00,0.00,0.00,0.00,6.8,,30-Jan-19,11:30,NVP4,10,YSI 2030,8.181,86.5,0.320,0.2,18.0,760,8.5,3,0,17,0.30,
6-Feb-19,DSP,SW1,,0.02,0.00,0.00,0.01,0.00,0.09,0.00,0.00,0.01,0.08,0.00,0.00,0.00,0.00,0.00,0.01,0.00,0.01,0.00,0.00,0.00,0.00,0.00,0.00,0.00,0.00,0.00,0.00,0.00,0.00,0.00,0.00,0.00,0.00,0.00,0.00,0.00,0.1,,6-Feb-19,11:30,DSP,10,YSI 2030,7.46,69.1,0.000,0,12.0,766,7.2,0,0,2,1.00,
7-Feb-19,VNVP2,SW1,,0.63,0.00,0.00,2.53,0.00,0.00,0.00,0.00,0.00,0.00,0.00,0.00,0.00,0.00,0.00,0.00,0.00,0.00,0.00,0.00,0.00,0.00,0.00,0.00,0.00,0.00,0.00,0.00,0.00,0.00,0.00,0.00,0.00,0.00,0.00,0.00,0.00,3.2,,7-Feb-19,11:50,NVP2,10,YSI 2030,10.3,101,0.390,0.2,15.3,768.7,7.6,1,-,32,0.50,
8-Feb-19,VNVP10,SW1,,2.27,0.01,0.00,0.96,0.00,0.00,0.00,0.00,0.00,0.00,0.00,0.00,0.00,0.00,0.00,0.00,0.00,0.00,0.00,0.00,0.00,0.01,0.00,0.00,0.00,0.00,0.00,0.00,0.00,0.00,0.00,0.00,0.00,0.00,0.00,0.00,0.00,3.3,,8-Feb-19,14:10,NVP10,10,YSI 2030,8.79,95.8,0.076,0,19.5,762.6,7.5,18,0,13,0.28,
11-Feb-19,VCC7,SW1,,2.37,1.62,0.00,0.00,0.00,0.01,0.00,0.01,0.00,0.00,0.00,0.00,0.00,0.00,0.00,0.00,0.00,0.00,0.00,0.00,0.00,0.01,0.00,0.00,0.00,0.01,0.00,0.00,0.00,0.00,0.00,0.00,0.01,0.00,0.00,0.00,0.00,4.0,,11-Feb-19,15:35,VM7 ,10,YSI 2030 ,15.87,168.3,0.158,0.1,18.2,764.7,8.8,7,-,8,0.27,
11-Feb-19,VM3,SW1,,4.43,0.00,0.00,3.11,0.00,0.00,0.00,0.00,0.00,0.00,0.00,0.00,0.00,0.00,0.00,0.00,0.00,0.00,0.00,0.00,0.00,0.01,0.00,0.00,0.00,0.00,0.00,0.00,0.00,0.01,0.00,0.00,0.00,0.00,0.00,0.00,0.00,7.6,,11-Feb-19,14:30,VM3,10,YSI 2030,9.4,99.5,0.000,0,18.1,765,6.8,2,-,17,0.42,
11-Feb-19,VM7,SW1,,2.21,0.02,0.00,1.17,0.00,0.03,0.00,0.02,0.00,0.00,0.01,0.00,0.00,0.00,0.00,0.00,0.00,0.00,0.00,0.00,0.00,0.00,0.00,0.00,0.00,0.00,0.00,0.00,0.00,0.00,0.00,0.00,0.02,0.00,0.00,0.00,0.00,3.4,,11-Feb-19,15:35,VM7 ,10,YSI 2030 ,15.87,168.3,0.158,0.1,18.2,764.7,8.8,7,-,8,0.27,
11-Feb-19,VOW1,SW1,,4.03,0.07,0.00,4.73,0.00,0.00,0.00,0.00,0.00,0.00,0.00,0.00,0.00,0.00,0.00,0.00,0.00,0.00,0.00,0.00,0.00,0.00,0.00,0.00,0.00,0.00,0.00,0.00,0.00,0.00,0.00,0.00,0.00,0.00,0.00,0.00,0.00,8.8,,11-Feb19,10:50,VOW1,10,YSI 2030,5.74,50.1,0.030,0,9.3,766,6.9,7,0,30,0.42,
7-Mar-19,VMMesa,SW1,,5.17,1.79,0.00,1.16,0.04,0.08,0.00,0.06,0.00,0.01,0.00,0.00,0.00,0.00,0.00,0.00,0.00,0.00,0.00,0.00,0.00,0.01,0.00,0.01,0.00,0.00,0.00,0.00,0.00,0.00,0.00,0.00,0.00,0.00,0.01,0.00,0.04,8.3,,7-Mar-19,8:33,VMM,10,YSI 2030,2.54,22.8,0.154,0.1,12.1,,,4,0,28,0.30,No barametric pressure or Ph data recorded
13-Mar-19,DSP,SW1,,0.18,0.20,0.02,0.71,0.00,0.00,0.00,0.00,0.00,0.00,0.00,0.00,0.00,0.02,0.00,0.01,0.00,0.01,0.00,0.00,0.00,0.03,0.00,0.03,0.00,0.00,0.00,0.01,0.00,0.00,0.00,0.00,0.09,0.00,0.00,0.00,0.00,1.2,,13-Mar-19,11:30,DSP,10,YSI 2030,4.3,44.1,0.813,0.4,16.7,754,6.7,-,-,2,0.30,
13-Mar-19,VP1,SW1,,2.10,0.02,0.01,4.80,0.00,0.01,0.01,0.00,0.00,0.00,0.00,0.00,0.00,0.01,0.00,0.00,0.00,0.00,0.00,0.00,0.01,0.10,0.01,0.00,0.00,0.00,0.00,0.09,0.00,0.00,0.00,0.00,0.07,0.00,0.00,0.00,0.00,7.1,,13-Mar-19,10:45,CVP1,10,YSI 2030,8.68,86,0.050,0,14.7,762.1,6.8,5,0,7,.05-.5,
14-Mar-19,VNVP4,SW1,,0.65,0.02,0.00,4.36,0.00,0.00,0.00,0.00,0.00,0.00,0.00,0.00,0.00,0.00,0.00,0.00,0.00,0.00,0.00,0.00,0.00,0.00,0.00,0.00,0.00,0.00,0.00,0.00,0.00,0.00,0.00,0.00,0.00,0.00,0.00,0.00,0.00,5.0,,14-Mar-19,11:45,NVP4,10,YSI 2030,9.41,96,0.057,0.2,16.7,766.6,7.6,1,0,7,.1 - .2,
8-Apr-19,VNVP10,SW1,,0.25,0.30,0.00,11.33,0.00,0.00,0.00,0.00,0.00,0.00,0.00,0.00,0.00,0.00,0.00,0.01,0.01,0.00,0.00,0.00,0.00,0.00,0.00,0.00,0.00,0.00,0.00,0.00,0.00,0.00,0.00,0.00,0.00,0.00,0.00,0.00,0.00,11.9,,8-Apr-19,13:30,VNVP10,10,YSI 2030,11.86,152.4,0.252,0.1,28.3,759.4,7.9,1,0,7,0.18,tadpole count combined
8-Apr-19,VP1,SW1,,6.14,0.03,0.03,0.71,0.00,0.00,0.00,0.00,0.00,0.00,0.00,0.00,0.00,0.03,0.00,0.00,0.00,0.00,0.00,0.00,0.00,0.02,0.00,0.00,0.00,0.00,0.00,0.02,0.00,0.00,0.00,0.00,0.01,0.00,0.00,0.00,0.00,6.9,,8-Apr-19,11:00,VP1,10,YSI 2030,8.97,107.5,0.162,0.1,24.5,762.7,6.3,6,0,7,0.43,
8-Apr-19,VOW1,SW1,,3.00,0.00,0.00,0.02,0.00,0.00,0.00,0.00,0.00,0.00,0.00,0.00,0.00,0.00,0.00,0.00,0.00,0.00,0.00,0.00,0.00,0.06,0.06,0.00,0.00,0.00,0.00,0.00,0.00,0.00,0.00,0.00,0.00,0.00,0.00,0.00,0.00,3.1,,8-Apr-19,15:20,VOW1,10,YSI 2030,7.84,98.4,0.023,0,26.9,759.1,7.1,2,0,2,0.18,
15-Apr-19,VM3,SW1,,3.00,0.02,0.00,1.07,0.00,0.00,0.00,0.00,0.00,0.00,0.00,0.00,0.00,0.00,0.00,0.00,0.00,0.00,0.00,0.00,0.00,0.02,0.00,0.02,0.00,0.00,0.00,0.00,0.00,0.00,0.00,0.00,0.00,0.00,0.00,0.00,0.00,4.1,,15-Apr-19,12:30,VM3,10,YSI 2030,18.1,208,0.001,0,22.1,759.1,8.1,1,0,2,0.30,
15-Apr-19,VM7,SW1,,0.11,0.01,0.00,0.32,0.00,0.08,0.00,0.00,0.00,0.08,0.01,0.00,0.00,0.00,0.00,0.00,0.00,0.00,0.00,0.00,0.00,0.02,0.00,0.00,0.00,0.00,0.00,0.01,0.00,0.00,0.00,0.00,0.00,0.00,0.00,0.00,0.00,0.5,,15-Apr-19,11:30,VM7,10,YSI 2030 ,7,80,0.060,0,21.6,759.1,6.9,28,0,7,0.12,
1-May-19,VNVP10,SW1,,0.02,0.00,0.19,0.28,0.00,0.03,0.00,0.03,0.00,0.00,0.00,0.00,0.00,0.30,0.11,0.00,0.00,0.00,0.00,0.00,0.00,0.00,0.00,0.00,0.00,0.00,0.00,0.00,0.00,0.00,0.00,0.00,0.00,0.00,0.00,0.00,0.00,0.6,,1-May-19,16:00,NVP10,10,YSI 2030,9.5,127,0.720,0.3,30.5,757.4,7.8,1,0,6.5,"0,25",
1-May-19,VNVP2,SW1,,0.03,0.00,0.37,4.49,0.00,0.00,0.00,0.00,0.00,0.00,0.00,0.00,0.00,0.38,0.01,0.00,0.00,0.00,0.00,0.00,0.00,0.00,0.00,0.00,0.00,0.00,0.00,0.00,0.00,0.00,0.00,0.00,0.00,0.00,0.00,0.00,0.00,4.9,,1-May-19,14:45,NVP2,10,YSI 2030,8,103,0.001,0,28.3,759.5,7.8,0,0,18,0.20,
1-May-19,VNVP4,SW1,,0.01,0.01,0.05,0.58,0.00,0.00,0.00,0.00,0.00,0.00,0.00,0.00,0.00,0.05,0.00,0.00,0.00,0.00,0.00,0.00,0.00,0.00,0.00,0.00,0.00,0.00,0.00,0.00,0.00,0.00,0.00,0.00,0.00,0.00,0.00,0.00,0.00,0.6,,1-May-19,13:30,NVP4,5,YSI 2030,15.76,183,0.204,0.1,22.7,760.5,9.2,0,0,10,0.05,Maximum pool depth 10 cm
3-May-19,VP1,SW1,,0.50,0.01,0.01,0.46,0.00,0.01,0.00,0.01,0.00,0.00,0.00,0.00,0.00,0.01,0.00,0.00,0.00,0.00,0.00,0.00,0.04,0.06,0.00,0.05,0.00,0.00,0.00,0.01,0.00,0.00,0.00,0.00,0.00,0.00,0.04,0.00,0.00,1.1,,3-May-19,11:35,VP1,10,YSI 2030,7.1,79,0.198,0.1,20.4,759.6,6.8,7,0,54,0.35,
,,,,,,,,,,,,,,,,,,,,,,,,,,,,,,,,,,,,,,,,TOTAL Sweep Net from Vernal Pools Plus DSP (Dune Swale Pond),95.4,,,,,,,,,,,,,,,,,,